˙--
-- PostgreSQL database dump
--

\restrict 2mkO9HzkKrorhZJo9JU71IoVwr5xy5wIUJAGyt7GCUzrvEdSybtV6HsggaeZDLd

-- Dumped from database version 18.4 (709c4c3)
-- Dumped by pg_dump version 18.3

SET statement_timeout = 0;
SET lock_timeout = 0;
SET idle_in_transaction_session_timeout = 0;
SET transaction_timeout = 0;
SET client_encoding = 'UTF8';
SET standard_conforming_strings = on;
SELECT pg_catalog.set_config('search_path', '', false);
SET check_function_bodies = false;
SET xmloption = content;
SET client_min_messages = warning;
SET row_security = off;

--
-- Name: public; Type: SCHEMA; Schema: -; Owner: neondb_owner
--

-- *not* creating schema, since initdb creates it


ALTER SCHEMA public OWNER TO neondb_owner;

--
-- Name: SCHEMA public; Type: COMMENT; Schema: -; Owner: neondb_owner
--

COMMENT ON SCHEMA public IS '';


--
-- Name: enum_leads_status; Type: TYPE; Schema: public; Owner: neondb_owner
--

CREATE TYPE public.enum_leads_status AS ENUM (
    'new',
    'contacted',
    'closed'
);


ALTER TYPE public.enum_leads_status OWNER TO neondb_owner;

SET default_tablespace = '';

SET default_table_access_method = heap;

--
-- Name: articles; Type: TABLE; Schema: public; Owner: neondb_owner
--

CREATE TABLE public.articles (
    id integer NOT NULL,
    slug character varying NOT NULL,
    title character varying NOT NULL,
    excerpt character varying NOT NULL,
    body jsonb NOT NULL,
    cover_image_id integer NOT NULL,
    published_at timestamp(3) with time zone NOT NULL,
    author character varying NOT NULL,
    category character varying NOT NULL,
    reading_minutes numeric NOT NULL,
    updated_at timestamp(3) with time zone DEFAULT now() NOT NULL,
    created_at timestamp(3) with time zone DEFAULT now() NOT NULL
);


ALTER TABLE public.articles OWNER TO neondb_owner;

--
-- Name: articles_id_seq; Type: SEQUENCE; Schema: public; Owner: neondb_owner
--

CREATE SEQUENCE public.articles_id_seq
    AS integer
    START WITH 1
    INCREMENT BY 1
    NO MINVALUE
    NO MAXVALUE
    CACHE 1;


ALTER SEQUENCE public.articles_id_seq OWNER TO neondb_owner;

--
-- Name: articles_id_seq; Type: SEQUENCE OWNED BY; Schema: public; Owner: neondb_owner
--

ALTER SEQUENCE public.articles_id_seq OWNED BY public.articles.id;


--
-- Name: articles_tags; Type: TABLE; Schema: public; Owner: neondb_owner
--

CREATE TABLE public.articles_tags (
    _order integer NOT NULL,
    _parent_id integer NOT NULL,
    id character varying NOT NULL,
    value character varying NOT NULL
);


ALTER TABLE public.articles_tags OWNER TO neondb_owner;

--
-- Name: brands; Type: TABLE; Schema: public; Owner: neondb_owner
--

CREATE TABLE public.brands (
    id integer NOT NULL,
    slug character varying NOT NULL,
    name character varying NOT NULL,
    tagline character varying,
    description character varying,
    logo_id integer,
    updated_at timestamp(3) with time zone DEFAULT now() NOT NULL,
    created_at timestamp(3) with time zone DEFAULT now() NOT NULL
);


ALTER TABLE public.brands OWNER TO neondb_owner;

--
-- Name: brands_id_seq; Type: SEQUENCE; Schema: public; Owner: neondb_owner
--

CREATE SEQUENCE public.brands_id_seq
    AS integer
    START WITH 1
    INCREMENT BY 1
    NO MINVALUE
    NO MAXVALUE
    CACHE 1;


ALTER SEQUENCE public.brands_id_seq OWNER TO neondb_owner;

--
-- Name: brands_id_seq; Type: SEQUENCE OWNED BY; Schema: public; Owner: neondb_owner
--

ALTER SEQUENCE public.brands_id_seq OWNED BY public.brands.id;


--
-- Name: categories; Type: TABLE; Schema: public; Owner: neondb_owner
--

CREATE TABLE public.categories (
    id integer NOT NULL,
    slug character varying NOT NULL,
    name character varying NOT NULL,
    short_name character varying,
    tagline character varying NOT NULL,
    description character varying NOT NULL,
    long_description character varying NOT NULL,
    hero_image_id integer NOT NULL,
    icon_key character varying NOT NULL,
    updated_at timestamp(3) with time zone DEFAULT now() NOT NULL,
    created_at timestamp(3) with time zone DEFAULT now() NOT NULL
);


ALTER TABLE public.categories OWNER TO neondb_owner;

--
-- Name: categories_id_seq; Type: SEQUENCE; Schema: public; Owner: neondb_owner
--

CREATE SEQUENCE public.categories_id_seq
    AS integer
    START WITH 1
    INCREMENT BY 1
    NO MINVALUE
    NO MAXVALUE
    CACHE 1;


ALTER SEQUENCE public.categories_id_seq OWNER TO neondb_owner;

--
-- Name: categories_id_seq; Type: SEQUENCE OWNED BY; Schema: public; Owner: neondb_owner
--

ALTER SEQUENCE public.categories_id_seq OWNED BY public.categories.id;


--
-- Name: gallery; Type: TABLE; Schema: public; Owner: neondb_owner
--

CREATE TABLE public.gallery (
    id integer NOT NULL,
    image_id integer NOT NULL,
    caption character varying,
    updated_at timestamp(3) with time zone DEFAULT now() NOT NULL,
    created_at timestamp(3) with time zone DEFAULT now() NOT NULL
);


ALTER TABLE public.gallery OWNER TO neondb_owner;

--
-- Name: gallery_id_seq; Type: SEQUENCE; Schema: public; Owner: neondb_owner
--

CREATE SEQUENCE public.gallery_id_seq
    AS integer
    START WITH 1
    INCREMENT BY 1
    NO MINVALUE
    NO MAXVALUE
    CACHE 1;


ALTER SEQUENCE public.gallery_id_seq OWNER TO neondb_owner;

--
-- Name: gallery_id_seq; Type: SEQUENCE OWNED BY; Schema: public; Owner: neondb_owner
--

ALTER SEQUENCE public.gallery_id_seq OWNED BY public.gallery.id;


--
-- Name: leads; Type: TABLE; Schema: public; Owner: neondb_owner
--

CREATE TABLE public.leads (
    id integer NOT NULL,
    full_name character varying NOT NULL,
    email character varying NOT NULL,
    phone character varying NOT NULL,
    subject character varying,
    message character varying NOT NULL,
    status public.enum_leads_status DEFAULT 'new'::public.enum_leads_status NOT NULL,
    updated_at timestamp(3) with time zone DEFAULT now() NOT NULL,
    created_at timestamp(3) with time zone DEFAULT now() NOT NULL
);


ALTER TABLE public.leads OWNER TO neondb_owner;

--
-- Name: leads_id_seq; Type: SEQUENCE; Schema: public; Owner: neondb_owner
--

CREATE SEQUENCE public.leads_id_seq
    AS integer
    START WITH 1
    INCREMENT BY 1
    NO MINVALUE
    NO MAXVALUE
    CACHE 1;


ALTER SEQUENCE public.leads_id_seq OWNER TO neondb_owner;

--
-- Name: leads_id_seq; Type: SEQUENCE OWNED BY; Schema: public; Owner: neondb_owner
--

ALTER SEQUENCE public.leads_id_seq OWNED BY public.leads.id;


--
-- Name: media; Type: TABLE; Schema: public; Owner: neondb_owner
--

CREATE TABLE public.media (
    id integer NOT NULL,
    alt character varying NOT NULL,
    updated_at timestamp(3) with time zone DEFAULT now() NOT NULL,
    created_at timestamp(3) with time zone DEFAULT now() NOT NULL,
    url character varying,
    thumbnail_u_r_l character varying,
    filename character varying,
    mime_type character varying,
    filesize numeric,
    width numeric,
    height numeric,
    focal_x numeric,
    focal_y numeric
);


ALTER TABLE public.media OWNER TO neondb_owner;

--
-- Name: media_id_seq; Type: SEQUENCE; Schema: public; Owner: neondb_owner
--

CREATE SEQUENCE public.media_id_seq
    AS integer
    START WITH 1
    INCREMENT BY 1
    NO MINVALUE
    NO MAXVALUE
    CACHE 1;


ALTER SEQUENCE public.media_id_seq OWNER TO neondb_owner;

--
-- Name: media_id_seq; Type: SEQUENCE OWNED BY; Schema: public; Owner: neondb_owner
--

ALTER SEQUENCE public.media_id_seq OWNED BY public.media.id;


--
-- Name: partners; Type: TABLE; Schema: public; Owner: neondb_owner
--

CREATE TABLE public.partners (
    id integer NOT NULL,
    name character varying NOT NULL,
    logo_id integer NOT NULL,
    url character varying,
    updated_at timestamp(3) with time zone DEFAULT now() NOT NULL,
    created_at timestamp(3) with time zone DEFAULT now() NOT NULL
);


ALTER TABLE public.partners OWNER TO neondb_owner;

--
-- Name: partners_id_seq; Type: SEQUENCE; Schema: public; Owner: neondb_owner
--

CREATE SEQUENCE public.partners_id_seq
    AS integer
    START WITH 1
    INCREMENT BY 1
    NO MINVALUE
    NO MAXVALUE
    CACHE 1;


ALTER SEQUENCE public.partners_id_seq OWNER TO neondb_owner;

--
-- Name: partners_id_seq; Type: SEQUENCE OWNED BY; Schema: public; Owner: neondb_owner
--

ALTER SEQUENCE public.partners_id_seq OWNED BY public.partners.id;


--
-- Name: payload_kv; Type: TABLE; Schema: public; Owner: neondb_owner
--

CREATE TABLE public.payload_kv (
    id integer NOT NULL,
    key character varying NOT NULL,
    data jsonb NOT NULL
);


ALTER TABLE public.payload_kv OWNER TO neondb_owner;

--
-- Name: payload_kv_id_seq; Type: SEQUENCE; Schema: public; Owner: neondb_owner
--

CREATE SEQUENCE public.payload_kv_id_seq
    AS integer
    START WITH 1
    INCREMENT BY 1
    NO MINVALUE
    NO MAXVALUE
    CACHE 1;


ALTER SEQUENCE public.payload_kv_id_seq OWNER TO neondb_owner;

--
-- Name: payload_kv_id_seq; Type: SEQUENCE OWNED BY; Schema: public; Owner: neondb_owner
--

ALTER SEQUENCE public.payload_kv_id_seq OWNED BY public.payload_kv.id;


--
-- Name: payload_locked_documents; Type: TABLE; Schema: public; Owner: neondb_owner
--

CREATE TABLE public.payload_locked_documents (
    id integer NOT NULL,
    global_slug character varying,
    updated_at timestamp(3) with time zone DEFAULT now() NOT NULL,
    created_at timestamp(3) with time zone DEFAULT now() NOT NULL
);


ALTER TABLE public.payload_locked_documents OWNER TO neondb_owner;

--
-- Name: payload_locked_documents_id_seq; Type: SEQUENCE; Schema: public; Owner: neondb_owner
--

CREATE SEQUENCE public.payload_locked_documents_id_seq
    AS integer
    START WITH 1
    INCREMENT BY 1
    NO MINVALUE
    NO MAXVALUE
    CACHE 1;


ALTER SEQUENCE public.payload_locked_documents_id_seq OWNER TO neondb_owner;

--
-- Name: payload_locked_documents_id_seq; Type: SEQUENCE OWNED BY; Schema: public; Owner: neondb_owner
--

ALTER SEQUENCE public.payload_locked_documents_id_seq OWNED BY public.payload_locked_documents.id;


--
-- Name: payload_locked_documents_rels; Type: TABLE; Schema: public; Owner: neondb_owner
--

CREATE TABLE public.payload_locked_documents_rels (
    id integer NOT NULL,
    "order" integer,
    parent_id integer NOT NULL,
    path character varying NOT NULL,
    users_id integer,
    media_id integer,
    categories_id integer,
    products_id integer,
    articles_id integer,
    services_id integer,
    partners_id integer,
    gallery_id integer,
    leads_id integer,
    brands_id integer
);


ALTER TABLE public.payload_locked_documents_rels OWNER TO neondb_owner;

--
-- Name: payload_locked_documents_rels_id_seq; Type: SEQUENCE; Schema: public; Owner: neondb_owner
--

CREATE SEQUENCE public.payload_locked_documents_rels_id_seq
    AS integer
    START WITH 1
    INCREMENT BY 1
    NO MINVALUE
    NO MAXVALUE
    CACHE 1;


ALTER SEQUENCE public.payload_locked_documents_rels_id_seq OWNER TO neondb_owner;

--
-- Name: payload_locked_documents_rels_id_seq; Type: SEQUENCE OWNED BY; Schema: public; Owner: neondb_owner
--

ALTER SEQUENCE public.payload_locked_documents_rels_id_seq OWNED BY public.payload_locked_documents_rels.id;


--
-- Name: payload_migrations; Type: TABLE; Schema: public; Owner: neondb_owner
--

CREATE TABLE public.payload_migrations (
    id integer NOT NULL,
    name character varying,
    batch numeric,
    updated_at timestamp(3) with time zone DEFAULT now() NOT NULL,
    created_at timestamp(3) with time zone DEFAULT now() NOT NULL
);


ALTER TABLE public.payload_migrations OWNER TO neondb_owner;

--
-- Name: payload_migrations_id_seq; Type: SEQUENCE; Schema: public; Owner: neondb_owner
--

CREATE SEQUENCE public.payload_migrations_id_seq
    AS integer
    START WITH 1
    INCREMENT BY 1
    NO MINVALUE
    NO MAXVALUE
    CACHE 1;


ALTER SEQUENCE public.payload_migrations_id_seq OWNER TO neondb_owner;

--
-- Name: payload_migrations_id_seq; Type: SEQUENCE OWNED BY; Schema: public; Owner: neondb_owner
--

ALTER SEQUENCE public.payload_migrations_id_seq OWNED BY public.payload_migrations.id;


--
-- Name: payload_preferences; Type: TABLE; Schema: public; Owner: neondb_owner
--

CREATE TABLE public.payload_preferences (
    id integer NOT NULL,
    key character varying,
    value jsonb,
    updated_at timestamp(3) with time zone DEFAULT now() NOT NULL,
    created_at timestamp(3) with time zone DEFAULT now() NOT NULL
);


ALTER TABLE public.payload_preferences OWNER TO neondb_owner;

--
-- Name: payload_preferences_id_seq; Type: SEQUENCE; Schema: public; Owner: neondb_owner
--

CREATE SEQUENCE public.payload_preferences_id_seq
    AS integer
    START WITH 1
    INCREMENT BY 1
    NO MINVALUE
    NO MAXVALUE
    CACHE 1;


ALTER SEQUENCE public.payload_preferences_id_seq OWNER TO neondb_owner;

--
-- Name: payload_preferences_id_seq; Type: SEQUENCE OWNED BY; Schema: public; Owner: neondb_owner
--

ALTER SEQUENCE public.payload_preferences_id_seq OWNED BY public.payload_preferences.id;


--
-- Name: payload_preferences_rels; Type: TABLE; Schema: public; Owner: neondb_owner
--

CREATE TABLE public.payload_preferences_rels (
    id integer NOT NULL,
    "order" integer,
    parent_id integer NOT NULL,
    path character varying NOT NULL,
    users_id integer
);


ALTER TABLE public.payload_preferences_rels OWNER TO neondb_owner;

--
-- Name: payload_preferences_rels_id_seq; Type: SEQUENCE; Schema: public; Owner: neondb_owner
--

CREATE SEQUENCE public.payload_preferences_rels_id_seq
    AS integer
    START WITH 1
    INCREMENT BY 1
    NO MINVALUE
    NO MAXVALUE
    CACHE 1;


ALTER SEQUENCE public.payload_preferences_rels_id_seq OWNER TO neondb_owner;

--
-- Name: payload_preferences_rels_id_seq; Type: SEQUENCE OWNED BY; Schema: public; Owner: neondb_owner
--

ALTER SEQUENCE public.payload_preferences_rels_id_seq OWNED BY public.payload_preferences_rels.id;


--
-- Name: products; Type: TABLE; Schema: public; Owner: neondb_owner
--

CREATE TABLE public.products (
    id integer NOT NULL,
    slug character varying NOT NULL,
    name character varying NOT NULL,
    category_id integer NOT NULL,
    short_description character varying NOT NULL,
    long_description character varying NOT NULL,
    hero_image_id integer NOT NULL,
    composition character varying NOT NULL,
    usage character varying NOT NULL,
    warning character varying NOT NULL,
    packaging character varying NOT NULL,
    updated_at timestamp(3) with time zone DEFAULT now() NOT NULL,
    created_at timestamp(3) with time zone DEFAULT now() NOT NULL,
    brand_id integer
);


ALTER TABLE public.products OWNER TO neondb_owner;

--
-- Name: products_certifications; Type: TABLE; Schema: public; Owner: neondb_owner
--

CREATE TABLE public.products_certifications (
    _order integer NOT NULL,
    _parent_id integer NOT NULL,
    id character varying NOT NULL,
    value character varying NOT NULL
);


ALTER TABLE public.products_certifications OWNER TO neondb_owner;

--
-- Name: products_id_seq; Type: SEQUENCE; Schema: public; Owner: neondb_owner
--

CREATE SEQUENCE public.products_id_seq
    AS integer
    START WITH 1
    INCREMENT BY 1
    NO MINVALUE
    NO MAXVALUE
    CACHE 1;


ALTER SEQUENCE public.products_id_seq OWNER TO neondb_owner;

--
-- Name: products_id_seq; Type: SEQUENCE OWNED BY; Schema: public; Owner: neondb_owner
--

ALTER SEQUENCE public.products_id_seq OWNED BY public.products.id;


--
-- Name: products_rels; Type: TABLE; Schema: public; Owner: neondb_owner
--

CREATE TABLE public.products_rels (
    id integer NOT NULL,
    "order" integer,
    parent_id integer NOT NULL,
    path character varying NOT NULL,
    media_id integer
);


ALTER TABLE public.products_rels OWNER TO neondb_owner;

--
-- Name: products_rels_id_seq; Type: SEQUENCE; Schema: public; Owner: neondb_owner
--

CREATE SEQUENCE public.products_rels_id_seq
    AS integer
    START WITH 1
    INCREMENT BY 1
    NO MINVALUE
    NO MAXVALUE
    CACHE 1;


ALTER SEQUENCE public.products_rels_id_seq OWNER TO neondb_owner;

--
-- Name: products_rels_id_seq; Type: SEQUENCE OWNED BY; Schema: public; Owner: neondb_owner
--

ALTER SEQUENCE public.products_rels_id_seq OWNED BY public.products_rels.id;


--
-- Name: products_specs; Type: TABLE; Schema: public; Owner: neondb_owner
--

CREATE TABLE public.products_specs (
    _order integer NOT NULL,
    _parent_id integer NOT NULL,
    id character varying NOT NULL,
    label character varying NOT NULL,
    value character varying NOT NULL
);


ALTER TABLE public.products_specs OWNER TO neondb_owner;

--
-- Name: products_tags; Type: TABLE; Schema: public; Owner: neondb_owner
--

CREATE TABLE public.products_tags (
    _order integer NOT NULL,
    _parent_id integer NOT NULL,
    id character varying NOT NULL,
    value character varying NOT NULL
);


ALTER TABLE public.products_tags OWNER TO neondb_owner;

--
-- Name: services; Type: TABLE; Schema: public; Owner: neondb_owner
--

CREATE TABLE public.services (
    id integer NOT NULL,
    slug character varying NOT NULL,
    name character varying NOT NULL,
    tagline character varying NOT NULL,
    description character varying NOT NULL,
    icon_key character varying NOT NULL,
    image_id integer NOT NULL,
    updated_at timestamp(3) with time zone DEFAULT now() NOT NULL,
    created_at timestamp(3) with time zone DEFAULT now() NOT NULL
);


ALTER TABLE public.services OWNER TO neondb_owner;

--
-- Name: services_id_seq; Type: SEQUENCE; Schema: public; Owner: neondb_owner
--

CREATE SEQUENCE public.services_id_seq
    AS integer
    START WITH 1
    INCREMENT BY 1
    NO MINVALUE
    NO MAXVALUE
    CACHE 1;


ALTER SEQUENCE public.services_id_seq OWNER TO neondb_owner;

--
-- Name: services_id_seq; Type: SEQUENCE OWNED BY; Schema: public; Owner: neondb_owner
--

ALTER SEQUENCE public.services_id_seq OWNED BY public.services.id;


--
-- Name: users; Type: TABLE; Schema: public; Owner: neondb_owner
--

CREATE TABLE public.users (
    id integer NOT NULL,
    name character varying,
    updated_at timestamp(3) with time zone DEFAULT now() NOT NULL,
    created_at timestamp(3) with time zone DEFAULT now() NOT NULL,
    email character varying NOT NULL,
    reset_password_token character varying,
    reset_password_expiration timestamp(3) with time zone,
    salt character varying,
    hash character varying,
    login_attempts numeric DEFAULT 0,
    lock_until timestamp(3) with time zone
);


ALTER TABLE public.users OWNER TO neondb_owner;

--
-- Name: users_id_seq; Type: SEQUENCE; Schema: public; Owner: neondb_owner
--

CREATE SEQUENCE public.users_id_seq
    AS integer
    START WITH 1
    INCREMENT BY 1
    NO MINVALUE
    NO MAXVALUE
    CACHE 1;


ALTER SEQUENCE public.users_id_seq OWNER TO neondb_owner;

--
-- Name: users_id_seq; Type: SEQUENCE OWNED BY; Schema: public; Owner: neondb_owner
--

ALTER SEQUENCE public.users_id_seq OWNED BY public.users.id;


--
-- Name: users_sessions; Type: TABLE; Schema: public; Owner: neondb_owner
--

CREATE TABLE public.users_sessions (
    _order integer NOT NULL,
    _parent_id integer NOT NULL,
    id character varying NOT NULL,
    created_at timestamp(3) with time zone,
    expires_at timestamp(3) with time zone NOT NULL
);


ALTER TABLE public.users_sessions OWNER TO neondb_owner;

--
-- Name: articles id; Type: DEFAULT; Schema: public; Owner: neondb_owner
--

ALTER TABLE ONLY public.articles ALTER COLUMN id SET DEFAULT nextval('public.articles_id_seq'::regclass);


--
-- Name: brands id; Type: DEFAULT; Schema: public; Owner: neondb_owner
--

ALTER TABLE ONLY public.brands ALTER COLUMN id SET DEFAULT nextval('public.brands_id_seq'::regclass);


--
-- Name: categories id; Type: DEFAULT; Schema: public; Owner: neondb_owner
--

ALTER TABLE ONLY public.categories ALTER COLUMN id SET DEFAULT nextval('public.categories_id_seq'::regclass);


--
-- Name: gallery id; Type: DEFAULT; Schema: public; Owner: neondb_owner
--

ALTER TABLE ONLY public.gallery ALTER COLUMN id SET DEFAULT nextval('public.gallery_id_seq'::regclass);


--
-- Name: leads id; Type: DEFAULT; Schema: public; Owner: neondb_owner
--

ALTER TABLE ONLY public.leads ALTER COLUMN id SET DEFAULT nextval('public.leads_id_seq'::regclass);


--
-- Name: media id; Type: DEFAULT; Schema: public; Owner: neondb_owner
--

ALTER TABLE ONLY public.media ALTER COLUMN id SET DEFAULT nextval('public.media_id_seq'::regclass);


--
-- Name: partners id; Type: DEFAULT; Schema: public; Owner: neondb_owner
--

ALTER TABLE ONLY public.partners ALTER COLUMN id SET DEFAULT nextval('public.partners_id_seq'::regclass);


--
-- Name: payload_kv id; Type: DEFAULT; Schema: public; Owner: neondb_owner
--

ALTER TABLE ONLY public.payload_kv ALTER COLUMN id SET DEFAULT nextval('public.payload_kv_id_seq'::regclass);


--
-- Name: payload_locked_documents id; Type: DEFAULT; Schema: public; Owner: neondb_owner
--

ALTER TABLE ONLY public.payload_locked_documents ALTER COLUMN id SET DEFAULT nextval('public.payload_locked_documents_id_seq'::regclass);


--
-- Name: payload_locked_documents_rels id; Type: DEFAULT; Schema: public; Owner: neondb_owner
--

ALTER TABLE ONLY public.payload_locked_documents_rels ALTER COLUMN id SET DEFAULT nextval('public.payload_locked_documents_rels_id_seq'::regclass);


--
-- Name: payload_migrations id; Type: DEFAULT; Schema: public; Owner: neondb_owner
--

ALTER TABLE ONLY public.payload_migrations ALTER COLUMN id SET DEFAULT nextval('public.payload_migrations_id_seq'::regclass);


--
-- Name: payload_preferences id; Type: DEFAULT; Schema: public; Owner: neondb_owner
--

ALTER TABLE ONLY public.payload_preferences ALTER COLUMN id SET DEFAULT nextval('public.payload_preferences_id_seq'::regclass);


--
-- Name: payload_preferences_rels id; Type: DEFAULT; Schema: public; Owner: neondb_owner
--

ALTER TABLE ONLY public.payload_preferences_rels ALTER COLUMN id SET DEFAULT nextval('public.payload_preferences_rels_id_seq'::regclass);


--
-- Name: products id; Type: DEFAULT; Schema: public; Owner: neondb_owner
--

ALTER TABLE ONLY public.products ALTER COLUMN id SET DEFAULT nextval('public.products_id_seq'::regclass);


--
-- Name: products_rels id; Type: DEFAULT; Schema: public; Owner: neondb_owner
--

ALTER TABLE ONLY public.products_rels ALTER COLUMN id SET DEFAULT nextval('public.products_rels_id_seq'::regclass);


--
-- Name: services id; Type: DEFAULT; Schema: public; Owner: neondb_owner
--

ALTER TABLE ONLY public.services ALTER COLUMN id SET DEFAULT nextval('public.services_id_seq'::regclass);


--
-- Name: users id; Type: DEFAULT; Schema: public; Owner: neondb_owner
--

ALTER TABLE ONLY public.users ALTER COLUMN id SET DEFAULT nextval('public.users_id_seq'::regclass);


--
-- Data for Name: articles; Type: TABLE DATA; Schema: public; Owner: neondb_owner
--

COPY public.articles (id, slug, title, excerpt, body, cover_image_id, published_at, author, category, reading_minutes, updated_at, created_at) FROM stdin;
1	cach-phong-chong-muoi-mua-mua	5 cĂĄch phĂ˛ng cháťng muáťi hiáťu quáşŁ trong mĂša mĆ°a	MĂša mĆ°a táťi kĂŠo theo bĂšng phĂĄt muáťi truyáťn sáťt xuáşĽt huyáşżt. CĂšng Green Oli Äiáťm qua 5 biáťn phĂĄp phĂ˛ng cháťng ÄĆ°áťŁc khuyáşżn ngháť báťi Báť Y Táşż.	{"root": {"type": "root", "format": "", "indent": 0, "version": 1, "children": [{"tag": "h2", "type": "heading", "format": "", "indent": 0, "version": 1, "children": [{"mode": "normal", "text": "TáşĄi sao mĂša mĆ°a muáťi sinh sáşŁn máşĄnh?", "type": "text", "style": "", "detail": 0, "format": 0, "version": 1}], "direction": "ltr"}, {"type": "paragraph", "format": "", "indent": 0, "version": 1, "children": [{"mode": "normal", "text": "Äáť áşŠm cao vĂ  cĂĄc vĹŠng nĆ°áťc Äáťng táşĄo Äiáťu kiáťn lĂ˝ tĆ°áťng cho muáťi Äáşť tráťŠng. Trung bĂŹnh, máťt con muáťi cĂĄi Aedes aegypti cĂł tháť Äáşť 100â200 tráťŠng máťi láş§n, vĂ  tráťŠng cĂł tháť náť cháť sau 2â3 ngĂ y trong nĆ°áťc sáşĄch.", "type": "text", "style": "", "detail": 0, "format": 0, "version": 1}], "direction": "ltr"}, {"tag": "h2", "type": "heading", "format": "", "indent": 0, "version": 1, "children": [{"mode": "normal", "text": "5 biáťn phĂĄp phĂ˛ng cháťng", "type": "text", "style": "", "detail": 0, "format": 0, "version": 1}], "direction": "ltr"}, {"tag": "ol", "type": "list", "start": 1, "format": "", "indent": 0, "version": 1, "children": [{"type": "listitem", "value": 1, "format": "", "indent": 0, "version": 1, "children": [{"mode": "normal", "text": "LoáşĄi báť nĆ°áťc Äáťng â kiáťm tra vĂ  lĂ m sáşĄch cĂĄc váş­t cháťŠa quanh nhĂ  Ă­t nháşĽt 1 láş§n/tuáş§n.", "type": "text", "style": "", "detail": 0, "format": 0, "version": 1}], "direction": "ltr"}, {"type": "listitem", "value": 1, "format": "", "indent": 0, "version": 1, "children": [{"mode": "normal", "text": "Phun thuáťc táťn lĆ°u â sáť­ dáťĽng cĂĄc sáşŁn pháşŠm nhĆ° Sumipro EW phun lĂŞn tĆ°áťng vĂ  báť máşˇt cĂ´n trĂšng Äáş­u.", "type": "text", "style": "", "detail": 0, "format": 0, "version": 1}], "direction": "ltr"}, {"type": "listitem", "value": 1, "format": "", "indent": 0, "version": 1, "children": [{"mode": "normal", "text": "Cáť­a lĆ°áťi + mĂ n ngáť§ â biáťn phĂĄp váş­t lĂ˝ ÄĆĄn giáşŁn nhĆ°ng hiáťu quáşŁ cao.", "type": "text", "style": "", "detail": 0, "format": 0, "version": 1}], "direction": "ltr"}, {"type": "listitem", "value": 1, "format": "", "indent": 0, "version": 1, "children": [{"mode": "normal", "text": "Thuáťc xáťt cĂĄ nhĂ˘n â DEET, Picaridin ÄĆ°áťŁc khuyáşżn ngháť cho ngĆ°áťi láťn vĂ  tráşť trĂŞn 2 tuáťi.", "type": "text", "style": "", "detail": 0, "format": 0, "version": 1}], "direction": "ltr"}, {"type": "listitem", "value": 1, "format": "", "indent": 0, "version": 1, "children": [{"mode": "normal", "text": "Pháťi háťŁp cáťng Äáťng â phun ULV khĂ´ng gian khi cĂł áť dáťch xuáşĽt hiáťn.", "type": "text", "style": "", "detail": 0, "format": 0, "version": 1}], "direction": "ltr"}], "listType": "number", "direction": "ltr"}, {"tag": "h2", "type": "heading", "format": "", "indent": 0, "version": 1, "children": [{"mode": "normal", "text": "Khi nĂ o cáş§n dáťch váťĽ chuyĂŞn nghiáťp?", "type": "text", "style": "", "detail": 0, "format": 0, "version": 1}], "direction": "ltr"}, {"type": "paragraph", "format": "", "indent": 0, "version": 1, "children": [{"mode": "normal", "text": "Náşżu máş­t Äáť muáťi quanh khu nhĂ  báşĄn cao báşĽt thĆ°áťng hoáşˇc cĂł ca sáťt xuáşĽt huyáşżt trong khu váťąc, hĂŁy liĂŞn háť Äáťi ngĹŠ Green Oli Äáť ÄĆ°áťŁc phun ULV vĂ  phun táťn lĆ°u chuyĂŞn nghiáťp.", "type": "text", "style": "", "detail": 0, "format": 0, "version": 1}], "direction": "ltr"}], "direction": "ltr"}}	35	2026-06-10 00:00:00+00	BS. Nguyáťn Tháť HĆ°ĆĄng	SáťŠc kháťe cáťng Äáťng	5	2026-07-03 09:04:00.504+00	2026-07-03 09:04:00.504+00
2	huong-dan-su-dung-phan-bon-la-dung-cach	HĆ°áťng dáşŤn sáť­ dáťĽng phĂ˘n bĂłn lĂĄ ÄĂşng cĂĄch cho rau Än lĂĄ	PhĂ˘n bĂłn lĂĄ háşĽp thu nhanh nhĆ°ng náşżu dĂšng sai liáťu vĂ  sai tháťi Äiáťm sáş˝ gĂ˘y chĂĄy lĂĄ, ngáť Äáťc cĂ˘y. BĂ i viáşżt nĂ y táťng háťŁp 7 nguyĂŞn táşŻc cáťt lĂľi.	{"root": {"type": "root", "format": "", "indent": 0, "version": 1, "children": [{"type": "paragraph", "format": "", "indent": 0, "version": 1, "children": [{"mode": "normal", "text": "PhĂ˘n bĂłn lĂĄ lĂ  giáşŁi phĂĄp dinh dĆ°áťĄng báť sung tuyáťt váťi, Äáşˇc biáťt khi báť ráť cĂ˘y gáşˇp váşĽn Äáť hoáşˇc cáş§n pháťĽc háťi nhanh sau stress.", "type": "text", "style": "", "detail": 0, "format": 0, "version": 1}], "direction": "ltr"}, {"tag": "h2", "type": "heading", "format": "", "indent": 0, "version": 1, "children": [{"mode": "normal", "text": "7 nguyĂŞn táşŻc vĂ ng", "type": "text", "style": "", "detail": 0, "format": 0, "version": 1}], "direction": "ltr"}, {"tag": "ol", "type": "list", "start": 1, "format": "", "indent": 0, "version": 1, "children": [{"type": "listitem", "value": 1, "format": "", "indent": 0, "version": 1, "children": [{"mode": "normal", "text": "Phun vĂ o sĂĄng sáťm hoáşˇc chiáťu mĂĄt, trĂĄnh náşŻng gáşŻt.", "type": "text", "style": "", "detail": 0, "format": 0, "version": 1}], "direction": "ltr"}, {"type": "listitem", "value": 1, "format": "", "indent": 0, "version": 1, "children": [{"mode": "normal", "text": "Pha ÄĂşng liáťu khuyáşżn cĂĄo, khĂ´ng táťą Ă˝ tÄng liáťu.", "type": "text", "style": "", "detail": 0, "format": 0, "version": 1}], "direction": "ltr"}, {"type": "listitem", "value": 1, "format": "", "indent": 0, "version": 1, "children": [{"mode": "normal", "text": "Phun Äáťu máşˇt dĆ°áťi lĂĄ â nĆĄi táş­p trung khĂ­ kháťng.", "type": "text", "style": "", "detail": 0, "format": 0, "version": 1}], "direction": "ltr"}, {"type": "listitem", "value": 1, "format": "", "indent": 0, "version": 1, "children": [{"mode": "normal", "text": "KhĂ´ng phun khi cĂ˘y Äang ra hoa ráť.", "type": "text", "style": "", "detail": 0, "format": 0, "version": 1}], "direction": "ltr"}, {"type": "listitem", "value": 1, "format": "", "indent": 0, "version": 1, "children": [{"mode": "normal", "text": "Káşżt háťŁp váťi phĂ˘n bĂłn gáťc, khĂ´ng thay tháşż hoĂ n toĂ n.", "type": "text", "style": "", "detail": 0, "format": 0, "version": 1}], "direction": "ltr"}, {"type": "listitem", "value": 1, "format": "", "indent": 0, "version": 1, "children": [{"mode": "normal", "text": "BáşŁo quáşŁn nĆĄi khĂ´ rĂĄo, trĂĄnh ĂĄnh náşŻng tráťąc tiáşżp.", "type": "text", "style": "", "detail": 0, "format": 0, "version": 1}], "direction": "ltr"}, {"type": "listitem", "value": 1, "format": "", "indent": 0, "version": 1, "children": [{"mode": "normal", "text": "Theo dĂľi pháşŁn áťŠng cáť§a cĂ˘y sau 3 ngĂ y Äáť Äiáťu cháťnh.", "type": "text", "style": "", "detail": 0, "format": 0, "version": 1}], "direction": "ltr"}], "listType": "number", "direction": "ltr"}], "direction": "ltr"}}	36	2026-06-05 00:00:00+00	KS. Tráş§n VÄn Minh	NĂ´ng nghiáťp	7	2026-07-03 09:04:01.707+00	2026-07-03 09:04:01.707+00
3	kiem-soat-moi-cho-cong-trinh-moi	Kiáťm soĂĄt máťi cho cĂ´ng trĂŹnh máťi: nĂŞn lĂ m trĆ°áťc hay sau xĂ˘y dáťąng?	PhĂ˛ng máťi tiáťn xĂ˘y dáťąng tiáşżt kiáťm chi phĂ­ 60% so váťi xáť­ lĂ˝ sau. CĂšng Green Oli phĂ˘n tĂ­ch 3 phĆ°ĆĄng ĂĄn pháť biáşżn.	{"root": {"type": "root", "format": "", "indent": 0, "version": 1, "children": [{"type": "paragraph", "format": "", "indent": 0, "version": 1, "children": [{"mode": "normal", "text": "Máťi lĂ  máťt trong nháťŻng tĂĄc nhĂ˘n gĂ˘y hĆ° háşĄi cĂ´ng trĂŹnh hĂ ng Äáş§u táşĄi Viáťt Nam, Ć°áťc tĂ­nh thiáťt háşĄi lĂŞn Äáşżn hĂ ng trÄm táťˇ Äáťng máťi nÄm.", "type": "text", "style": "", "detail": 0, "format": 0, "version": 1}], "direction": "ltr"}, {"tag": "h2", "type": "heading", "format": "", "indent": 0, "version": 1, "children": [{"mode": "normal", "text": "Tiáťn xĂ˘y dáťąng vs háş­u xĂ˘y dáťąng", "type": "text", "style": "", "detail": 0, "format": 0, "version": 1}], "direction": "ltr"}, {"type": "paragraph", "format": "", "indent": 0, "version": 1, "children": [{"mode": "normal", "text": "Xáť­ lĂ˝ náťn mĂłng trĆ°áťc khi Äáť bĂŞ tĂ´ng cho phĂŠp táşĄo láťp hĂ ng rĂ o hĂła háťc liĂŞn táťĽc, ngÄn máťi táťŤ ÄáşĽt Äi lĂŞn. PhĆ°ĆĄng ĂĄn nĂ y cĂł hiáťu láťąc 10â15 nÄm.", "type": "text", "style": "", "detail": 0, "format": 0, "version": 1}], "direction": "ltr"}, {"type": "paragraph", "format": "", "indent": 0, "version": 1, "children": [{"mode": "normal", "text": "Xáť­ lĂ˝ sau xĂ˘y dáťąng pháşŁi khoan vĂ  bĆĄm hĂła cháşĽt qua sĂ n, chi phĂ­ cao hĆĄn vĂ  hiáťu quáşŁ tháşĽp hĆĄn do khĂ´ng táşĄo ÄĆ°áťŁc láťp báşŁo váť liáťn máşĄch.", "type": "text", "style": "", "detail": 0, "format": 0, "version": 1}], "direction": "ltr"}, {"tag": "h2", "type": "heading", "format": "", "indent": 0, "version": 1, "children": [{"mode": "normal", "text": "Äáť xuáşĽt Green Oli", "type": "text", "style": "", "detail": 0, "format": 0, "version": 1}], "direction": "ltr"}, {"type": "paragraph", "format": "", "indent": 0, "version": 1, "children": [{"mode": "normal", "text": "Káşżt háťŁp xáť­ lĂ˝ náťn mĂłng (Termidor SC) váťi háť tháťng báşŁ ngáş§m Xterm Äáť táşĄo báşŁo váť kĂŠp táťi Ć°u.", "type": "text", "style": "", "detail": 0, "format": 0, "version": 1}], "direction": "ltr"}], "direction": "ltr"}}	37	2026-05-28 00:00:00+00	KS. LĂŞ Quang Vinh	Kiáťm soĂĄt cĂ´n trĂšng	8	2026-07-03 09:04:03.095+00	2026-07-03 09:04:03.094+00
4	che-pham-vi-sinh-cuu-dat-bac-mau	Cháşż pháşŠm vi sinh â giáşŁi phĂĄp cáťŠu ÄáşĽt báşĄc mĂ u	ÄáşĽt báşĄc mĂ u sau nhiáťu nÄm canh tĂĄc hĂła háťc cĂł tháť ÄĆ°áťŁc pháťĽc háťi báşąng cháşż pháşŠm Trichoderma + Bacillus. CĂĄch dĂšng ÄĆĄn giáşŁn, chi phĂ­ tháşĽp.	{"root": {"type": "root", "format": "", "indent": 0, "version": 1, "children": [{"type": "paragraph", "format": "", "indent": 0, "version": 1, "children": [{"mode": "normal", "text": "ÄáşĽt lĂ  náťn táşŁng cáť§a máťi váťĽ mĂša. Khi ÄáşĽt báşĄc mĂ u, nÄng suáşĽt giáşŁm 30â50% vĂ  pháşŁi bĂš báşąng phĂ˘n hĂła háťc, táşĄo vĂ˛ng xoĂĄy Äáťc háşĄi.", "type": "text", "style": "", "detail": 0, "format": 0, "version": 1}], "direction": "ltr"}, {"tag": "h2", "type": "heading", "format": "", "indent": 0, "version": 1, "children": [{"mode": "normal", "text": "Vai trĂ˛ cáť§a vi sinh cĂł láťŁi", "type": "text", "style": "", "detail": 0, "format": 0, "version": 1}], "direction": "ltr"}, {"tag": "ul", "type": "list", "start": 1, "format": "", "indent": 0, "version": 1, "children": [{"type": "listitem", "value": 1, "format": "", "indent": 0, "version": 1, "children": [{"mode": "normal", "text": "Trichoderma: áťŠc cháşż náşĽm báťnh trong ÄáşĽt.", "type": "text", "style": "", "detail": 0, "format": 0, "version": 1}], "direction": "ltr"}, {"type": "listitem", "value": 1, "format": "", "indent": 0, "version": 1, "children": [{"mode": "normal", "text": "Bacillus: cáť Äáťnh ÄáşĄm, phĂ˘n giáşŁi lĂ˘n.", "type": "text", "style": "", "detail": 0, "format": 0, "version": 1}], "direction": "ltr"}, {"type": "listitem", "value": 1, "format": "", "indent": 0, "version": 1, "children": [{"mode": "normal", "text": "Mycorrhiza: cáťng sinh váťi ráť giĂşp cĂ˘y háşĽp thu dinh dĆ°áťĄng táťt hĆĄn.", "type": "text", "style": "", "detail": 0, "format": 0, "version": 1}], "direction": "ltr"}], "listType": "bullet", "direction": "ltr"}, {"tag": "h2", "type": "heading", "format": "", "indent": 0, "version": 1, "children": [{"mode": "normal", "text": "Quy trĂŹnh sáť­ dáťĽng", "type": "text", "style": "", "detail": 0, "format": 0, "version": 1}], "direction": "ltr"}, {"tag": "ol", "type": "list", "start": 1, "format": "", "indent": 0, "version": 1, "children": [{"type": "listitem", "value": 1, "format": "", "indent": 0, "version": 1, "children": [{"mode": "normal", "text": "Tráťn cháşż pháşŠm váťi phĂ˘n chuáťng hoai máťĽc.", "type": "text", "style": "", "detail": 0, "format": 0, "version": 1}], "direction": "ltr"}, {"type": "listitem", "value": 1, "format": "", "indent": 0, "version": 1, "children": [{"mode": "normal", "text": "BĂłn gáťc 200g/mÂ˛ ÄáşĽt.", "type": "text", "style": "", "detail": 0, "format": 0, "version": 1}], "direction": "ltr"}, {"type": "listitem", "value": 1, "format": "", "indent": 0, "version": 1, "children": [{"mode": "normal", "text": "TĆ°áťi giáťŻ áşŠm 7 ngĂ y liĂŞn táťĽc.", "type": "text", "style": "", "detail": 0, "format": 0, "version": 1}], "direction": "ltr"}, {"type": "listitem", "value": 1, "format": "", "indent": 0, "version": 1, "children": [{"mode": "normal", "text": "Láşˇp láşĄi sau máťi váťĽ thu hoáşĄch.", "type": "text", "style": "", "detail": 0, "format": 0, "version": 1}], "direction": "ltr"}], "listType": "number", "direction": "ltr"}], "direction": "ltr"}}	38	2026-05-20 00:00:00+00	TS. PháşĄm Thanh HĂ 	NĂ´ng nghiáťp	6	2026-07-03 09:04:04.403+00	2026-07-03 09:04:04.403+00
5	an-toan-khi-su-dung-hoa-chat-diet-con-trung	An toĂ n khi sáť­ dáťĽng hĂła cháşĽt diáťt cĂ´n trĂšng táşĄi nhĂ 	10 nguyĂŞn táşŻc báşŻt buáťc Äáť báşŁo váť sáťŠc kháťe gia ÄĂŹnh báşĄn khi táťą xáť­ lĂ˝ cĂ´n trĂšng táşĄi nhĂ .	{"root": {"type": "root", "format": "", "indent": 0, "version": 1, "children": [{"type": "paragraph", "format": "", "indent": 0, "version": 1, "children": [{"mode": "normal", "text": "Viáťc táťą phun thuáťc táşĄi nhĂ  lĂ  pháť biáşżn nhĆ°ng tiáťm áşŠn ráť§i ro náşżu khĂ´ng tuĂ˘n tháť§ quy táşŻc an toĂ n.", "type": "text", "style": "", "detail": 0, "format": 0, "version": 1}], "direction": "ltr"}, {"tag": "h2", "type": "heading", "format": "", "indent": 0, "version": 1, "children": [{"mode": "normal", "text": "10 nguyĂŞn táşŻc", "type": "text", "style": "", "detail": 0, "format": 0, "version": 1}], "direction": "ltr"}, {"tag": "ol", "type": "list", "start": 1, "format": "", "indent": 0, "version": 1, "children": [{"type": "listitem", "value": 1, "format": "", "indent": 0, "version": 1, "children": [{"mode": "normal", "text": "Äeo kháşŠu trang N95 vĂ  gÄng tay.", "type": "text", "style": "", "detail": 0, "format": 0, "version": 1}], "direction": "ltr"}, {"type": "listitem", "value": 1, "format": "", "indent": 0, "version": 1, "children": [{"mode": "normal", "text": "Máşˇc quáş§n ĂĄo dĂ i tay, kĂ­nh báşŁo háť.", "type": "text", "style": "", "detail": 0, "format": 0, "version": 1}], "direction": "ltr"}, {"type": "listitem", "value": 1, "format": "", "indent": 0, "version": 1, "children": [{"mode": "normal", "text": "KhĂ´ng phun gáş§n tháťąc pháşŠm vĂ  báť cĂĄ.", "type": "text", "style": "", "detail": 0, "format": 0, "version": 1}], "direction": "ltr"}, {"type": "listitem", "value": 1, "format": "", "indent": 0, "version": 1, "children": [{"mode": "normal", "text": "Äáş­y kĂ­n Äáť chĆĄi tráşť em vĂ  tháťŠc Än váş­t nuĂ´i.", "type": "text", "style": "", "detail": 0, "format": 0, "version": 1}], "direction": "ltr"}, {"type": "listitem", "value": 1, "format": "", "indent": 0, "version": 1, "children": [{"mode": "normal", "text": "Cho ngĆ°áťi vĂ  thĂş cĆ°ng ra ngoĂ i 2 giáť.", "type": "text", "style": "", "detail": 0, "format": 0, "version": 1}], "direction": "ltr"}, {"type": "listitem", "value": 1, "format": "", "indent": 0, "version": 1, "children": [{"mode": "normal", "text": "Máť cáť­a thĂ´ng giĂł sau khi phun.", "type": "text", "style": "", "detail": 0, "format": 0, "version": 1}], "direction": "ltr"}, {"type": "listitem", "value": 1, "format": "", "indent": 0, "version": 1, "children": [{"mode": "normal", "text": "KhĂ´ng pha tráťn nhiáťu loáşĄi thuáťc.", "type": "text", "style": "", "detail": 0, "format": 0, "version": 1}], "direction": "ltr"}, {"type": "listitem", "value": 1, "format": "", "indent": 0, "version": 1, "children": [{"mode": "normal", "text": "BáşŁo quáşŁn nĆĄi khĂła táť§, xa táş§m tráşť em.", "type": "text", "style": "", "detail": 0, "format": 0, "version": 1}], "direction": "ltr"}, {"type": "listitem", "value": 1, "format": "", "indent": 0, "version": 1, "children": [{"mode": "normal", "text": "VáťŠt báť váť bao bĂŹ ÄĂşng quy Äáťnh.", "type": "text", "style": "", "detail": 0, "format": 0, "version": 1}], "direction": "ltr"}, {"type": "listitem", "value": 1, "format": "", "indent": 0, "version": 1, "children": [{"mode": "normal", "text": "LiĂŞn háť trung tĂ˘m cháťng Äáťc náşżu cĂł triáťu cháťŠng báşĽt thĆ°áťng.", "type": "text", "style": "", "detail": 0, "format": 0, "version": 1}], "direction": "ltr"}], "listType": "number", "direction": "ltr"}], "direction": "ltr"}}	39	2026-05-12 00:00:00+00	BS. HoĂ ng Anh TuáşĽn	SáťŠc kháťe cáťng Äáťng	5	2026-07-03 09:04:05.61+00	2026-07-03 09:04:05.609+00
6	xu-huong-nong-nghiep-xanh-2026	Xu hĆ°áťng nĂ´ng nghiáťp xanh 2026: cĆĄ háťi vĂ  thĂĄch tháťŠc	EU CBAM, USDA Organic vĂ  GlobalGAP Äang thay Äáťi cuáťc chĆĄi xuáşĽt kháşŠu nĂ´ng sáşŁn. Doanh nghiáťp Viáťt cáş§n chuáşŠn báť gĂŹ?	{"root": {"type": "root", "format": "", "indent": 0, "version": 1, "children": [{"type": "paragraph", "format": "", "indent": 0, "version": 1, "children": [{"mode": "normal", "text": "NÄm 2026, nhiáťu rĂ o cáşŁn káťš thuáş­t máťi sáş˝ cĂł hiáťu láťąc váťi nĂ´ng sáşŁn xuáşĽt kháşŠu. ÄĂ˘y váťŤa lĂ  thĂĄch tháťŠc, váťŤa lĂ  cĆĄ háťi tĂĄi cáşĽu trĂşc ngĂ nh.", "type": "text", "style": "", "detail": 0, "format": 0, "version": 1}], "direction": "ltr"}, {"tag": "h2", "type": "heading", "format": "", "indent": 0, "version": 1, "children": [{"mode": "normal", "text": "3 xu hĆ°áťng chĂ­nh", "type": "text", "style": "", "detail": 0, "format": 0, "version": 1}], "direction": "ltr"}, {"tag": "ol", "type": "list", "start": 1, "format": "", "indent": 0, "version": 1, "children": [{"type": "listitem", "value": 1, "format": "", "indent": 0, "version": 1, "children": [{"mode": "normal", "text": "GiáşŁm dáşĽu chĂ˘n carbon â bĂĄo cĂĄo phĂĄt tháşŁi báşŻt buáťc cho 5 ngĂ nh máťĽc tiĂŞu.", "type": "text", "style": "", "detail": 0, "format": 0, "version": 1}], "direction": "ltr"}, {"type": "listitem", "value": 1, "format": "", "indent": 0, "version": 1, "children": [{"mode": "normal", "text": "Truy xuáşĽt nguáťn gáťc sáť â QR code trĂŞn táťŤng ÄĆĄn váť sáşŁn pháşŠm.", "type": "text", "style": "", "detail": 0, "format": 0, "version": 1}], "direction": "ltr"}, {"type": "listitem", "value": 1, "format": "", "indent": 0, "version": 1, "children": [{"mode": "normal", "text": "Thuáťc BVTV sinh háťc â thay tháşż dáş§n hoáşĄt cháşĽt hĂła háťc cĂł dĆ° lĆ°áťŁng cao.", "type": "text", "style": "", "detail": 0, "format": 0, "version": 1}], "direction": "ltr"}], "listType": "number", "direction": "ltr"}, {"tag": "h2", "type": "heading", "format": "", "indent": 0, "version": 1, "children": [{"mode": "normal", "text": "HĂ nh Äáťng cho doanh nghiáťp", "type": "text", "style": "", "detail": 0, "format": 0, "version": 1}], "direction": "ltr"}, {"type": "paragraph", "format": "", "indent": 0, "version": 1, "children": [{"mode": "normal", "text": "Äáş§u tĆ° vĂ o cháşż pháşŠm sinh háťc, vi sinh háťŻu Ă­ch vĂ  pháş§n máťm quáşŁn lĂ˝ vĂšng tráťng lĂ  3 Ć°u tiĂŞn hĂ ng Äáş§u.", "type": "text", "style": "", "detail": 0, "format": 0, "version": 1}], "direction": "ltr"}], "direction": "ltr"}}	40	2026-04-30 00:00:00+00	ThS. Äáť Minh KhĂ´i	Tin ngĂ nh	9	2026-07-03 09:04:07.202+00	2026-07-03 09:04:07.202+00
7	green-oli-mo-rong-thi-truong-mien-trung	Green Oli máť ráťng tháť trĆ°áťng miáťn Trung â khai trĆ°ĆĄng 3 chi nhĂĄnh	ThĂĄng 7/2026, Green Oli sáş˝ chĂ­nh tháťŠc cĂł máşˇt táşĄi ÄĂ  Náşľng, Huáşż vĂ  Quy NhĆĄn nháşąm pháťĽc váťĽ táťt hĆĄn khĂĄch hĂ ng khu váťąc miáťn Trung.	{"root": {"type": "root", "format": "", "indent": 0, "version": 1, "children": [{"type": "paragraph", "format": "justify", "indent": 0, "version": 1, "children": [{"mode": "normal", "text": "SĂĄng sáťm nay, bĂŁo sáť 1 Maysak Äi qua ÄáşŁo HáşŁi Nam (Trung Quáťc) vĂ o váťnh BáşŻc Báť.", "type": "text", "style": "", "detail": 0, "format": 0, "version": 1}], "direction": null, "textStyle": "", "textFormat": 0}, {"type": "paragraph", "format": "justify", "indent": 0, "version": 1, "children": [{"mode": "normal", "text": "LĂşc 9h ngĂ y 4/7, váť trĂ­ tĂ˘m bĂŁo cĂĄch Äáşˇc khu BáşĄch Long VÄŠ (HáşŁi PhĂ˛ng) khoáşŁng 40km váť phĂ­a ÄĂ´ng, cĂĄch MĂłng CĂĄi (QuáşŁng Ninh) khoáşŁng 145km váť phĂ­a ÄĂ´ng Nam. SáťŠc giĂł máşĄnh nháşĽt vĂšng gáş§n tĂ˘m bĂŁo máşĄnh cáşĽp 8-9 (62-88km/h), giáş­t cáşĽp 11. Dáťą bĂĄo trong 3 giáť táťi, bĂŁo sáť 1 di chuyáťn theo hĆ°áťng TĂ˘y BáşŻc, táťc Äáť khoáşŁng 15km/h.", "type": "text", "style": "", "detail": 0, "format": 0, "version": 1}], "direction": null, "textStyle": "", "textFormat": 0}, {"type": "paragraph", "format": "justify", "indent": 0, "version": 1, "children": [{"mode": "normal", "text": "BĂŁo ÄĂŁ gĂ˘y giĂł máşĄnh cáşĽp 8, giáş­t cáşĽp 9 áť BáşĄch Long VÄŠ; cáşĽp 6, giáş­t cáşĽp 8 áť CĂ´ TĂ´.", "type": "text", "style": "", "detail": 0, "format": 0, "version": 1}], "direction": null, "textStyle": "", "textFormat": 0}, {"type": "paragraph", "format": "center", "indent": 0, "version": 1, "children": [], "direction": null, "textStyle": "", "textFormat": 0}, {"type": "paragraph", "format": "center", "indent": 0, "version": 1, "children": [{"mode": "normal", "text": "áş˘nh váť tinh cĆĄ bĂŁo sáť 1 Maysak. (Nguáťn: NCHMF)", "type": "text", "style": "", "detail": 0, "format": 0, "version": 1}], "direction": null, "textStyle": "", "textFormat": 0}, {"type": "paragraph", "format": "justify", "indent": 0, "version": 1, "children": [{"mode": "normal", "text": "CĹŠng theo cĆĄ quan khĂ­ tĆ°áťŁng, khoáşŁng 4-5 giáť táťi, hoĂ n lĆ°u bĂŁo sáť 1 sáş˝ ĂĄp sĂĄt ÄáşĽt liáťn khu váťąc QuáşŁng Ninh - HáşŁi PhĂ˛ng. TáťŤ khoáşŁng trĆ°a nay tráť Äi, vĂšng ven biáťn cĂĄc táťnh QuáşŁng Ninh - HáşŁi PhĂ˛ng cĂł giĂł máşĄnh cáşĽp 5, sau tÄng lĂŞn cáşĽp 6, vĂšng gáş§n tĂ˘m bĂŁo cáşĽp 7-8, giáş­t cáşĽp 9-10.", "type": "text", "style": "", "detail": 0, "format": 0, "version": 1}], "direction": null, "textStyle": "", "textFormat": 0}, {"type": "paragraph", "format": "justify", "indent": 0, "version": 1, "children": [{"mode": "normal", "text": "TáťŤ sĂĄng nay, QuáşŁng Ninh - HáşŁi PhĂ˛ng cĂł mĆ°a, táťŤ chiáťu vĂ  ÄĂŞm nay mĆ°a to Äáşżn ráşĽt to.", "type": "text", "style": "", "detail": 0, "format": 0, "version": 1}], "direction": null, "textStyle": "", "textFormat": 0}, {"type": "paragraph", "format": "justify", "indent": 0, "version": 1, "children": [{"mode": "normal", "text": "Nháş­n Äáťnh chi tiáşżt ÄáťŁt mĆ°a láťn áť miáťn BáşŻc, cĆĄ quan khĂ­ tĆ°áťŁng cho hay, táťŤ sĂĄng 4/7 Äáşżn háşżt 5/7, ÄĂ´ng BáşŻc Báť vĂ  Thanh HĂła mĆ°a to Äáşżn ráşĽt to váťi lĆ°áťŁng mĆ°a pháť biáşżn 100-200mm. Trong ÄĂł, khu ÄĂ´ng BáşŻc BáşŻc Báť lĆ°áťŁng mĆ°a lĂŞn Äáşżn 200-300mm, cáťĽc báť trĂŞn 500mm.", "type": "text", "style": "", "detail": 0, "format": 0, "version": 1}], "direction": null, "textStyle": "", "textFormat": 0}, {"type": "paragraph", "format": "justify", "indent": 0, "version": 1, "children": [{"mode": "normal", "text": "CĆĄ quan khĂ­ tĆ°áťŁng Äáşˇc biáťt cáşŁnh bĂĄo nguy cĆĄ mĆ°a cĆ°áťng Äáť láťn, lĆ°áťŁng mĆ°a cĂł tháť vĆ°áťŁt máťŠc 100mm cháť trong 3 giáť, tiáťm áşŠn nhiáťu ráť§i ro thiĂŞn tai.", "type": "text", "style": "", "detail": 0, "format": 0, "version": 1}], "direction": null, "textStyle": "", "textFormat": 0}, {"type": "paragraph", "format": "justify", "indent": 0, "version": 1, "children": [{"mode": "normal", "text": "NgoĂ i ra, ngĂ y vĂ  ÄĂŞm 4/7, táťŤ Ngháť An Äáşżn QuáşŁng Tráť mĆ°a rĂ o vĂ  ráşŁi rĂĄc dĂ´ng váťi lĆ°áťŁng mĆ°a 15 - 30mm, cĂł nĆĄi mĆ°a to Äáşżn ráşĽt to trĂŞn 100mm. Cao nguyĂŞn Trung Báť vĂ  Nam Báť mĆ°a rĂ o vĂ  dĂ´ng ráşŁi rĂĄc, lĆ°áťŁng mĆ°a 10 - 30mm, cáťĽc báť mĆ°a to trĂŞn 70mm.", "type": "text", "style": "", "detail": 0, "format": 0, "version": 1}], "direction": null, "textStyle": "", "textFormat": 0}, {"type": "paragraph", "format": "justify", "indent": 0, "version": 1, "children": [{"mode": "normal", "text": "TáťŤ ÄĂŞm 5/7, mĆ°a láťn áť ÄĂ´ng BáşŻc Báť vĂ  Thanh HĂła xu hĆ°áťng giáşŁm dáş§n.", "type": "text", "style": "", "detail": 0, "format": 0, "version": 1}], "direction": null, "textStyle": "", "textFormat": 0}, {"type": "paragraph", "format": "justify", "indent": 0, "version": 1, "children": [{"mode": "normal", "text": "Trong mĆ°a dĂ´ng kháşŁ nÄng xáşŁy ra cĂĄc hiáťn tĆ°áťŁng tháťi tiáşżt cáťąc Äoan nhĆ° láťc, sĂŠt, mĆ°a ÄĂĄ vĂ  giĂł giáş­t máşĄnh. MĆ°a láťn vĂ  mĆ°a láťn cáťĽc báť cĂł tháť gĂ˘y ra ngáş­p Ăşng táşĄi cĂĄc vĂšng trĹŠng, tháşĽp, khu ÄĂ´ tháť, cĂ´ng nghiáťp; lĹŠ quĂŠt trĂŞn cĂĄc sĂ´ng, suáťi nháť, sáşĄt láť ÄáşĽt trĂŞn sĆ°áťn dáťc.", "type": "text", "style": "", "detail": 0, "format": 0, "version": 1}], "direction": null, "textStyle": "", "textFormat": 0}], "direction": "ltr"}}	41	2026-04-15 00:00:00+00	PhĂ˛ng Truyáťn thĂ´ng Green Oli	Tin cĂ´ng ty	3	2026-07-04 06:07:19.932+00	2026-07-03 09:04:08.479+00
\.


--
-- Data for Name: articles_tags; Type: TABLE DATA; Schema: public; Owner: neondb_owner
--

COPY public.articles_tags (_order, _parent_id, id, value) FROM stdin;
1	1	6a477b00a0b2bd58a0cfd87a	PhĂ˛ng cháťng muáťi
2	1	6a477b00a0b2bd58a0cfd87b	Sáťt xuáşĽt huyáşżt
3	1	6a477b00a0b2bd58a0cfd87c	MĂša mĆ°a
1	2	6a477b01a0b2bd58a0cfd87d	PhĂ˘n bĂłn lĂĄ
2	2	6a477b01a0b2bd58a0cfd87e	Rau Än lĂĄ
3	2	6a477b01a0b2bd58a0cfd87f	HĆ°áťng dáşŤn
1	3	6a477b03a0b2bd58a0cfd880	Máťi
2	3	6a477b03a0b2bd58a0cfd881	CĂ´ng trĂŹnh
3	3	6a477b03a0b2bd58a0cfd882	Xterm
1	4	6a477b04a0b2bd58a0cfd883	Vi sinh
2	4	6a477b04a0b2bd58a0cfd884	ÄáşĽt báşĄc mĂ u
3	4	6a477b04a0b2bd58a0cfd885	Trichoderma
1	5	6a477b05a0b2bd58a0cfd886	An toĂ n
2	5	6a477b05a0b2bd58a0cfd887	PPE
3	5	6a477b05a0b2bd58a0cfd888	Háť gia ÄĂŹnh
1	6	6a477b07a0b2bd58a0cfd889	NĂ´ng nghiáťp xanh
2	6	6a477b07a0b2bd58a0cfd88a	CBAM
3	6	6a477b07a0b2bd58a0cfd88b	XuáşĽt kháşŠu
1	7	6a477b08a0b2bd58a0cfd88c	Khai trĆ°ĆĄng
2	7	6a477b08a0b2bd58a0cfd88d	Miáťn Trung
3	7	6a477b08a0b2bd58a0cfd88e	Green Oli
\.


--
-- Data for Name: brands; Type: TABLE DATA; Schema: public; Owner: neondb_owner
--

COPY public.brands (id, slug, name, tagline, description, logo_id, updated_at, created_at) FROM stdin;
6	basf	BASF	\N	\N	163	2026-07-10 07:23:00.197+00	2026-07-08 13:53:24.394+00
5	ensystex	Ensystex	\N	\N	164	2026-07-10 07:23:48.461+00	2026-07-08 13:53:23.987+00
4	syngenta	Syngenta	\N	\N	165	2026-07-10 07:24:25.23+00	2026-07-08 13:53:23.608+00
3	sumitomo	Sumitomo	\N	\N	166	2026-07-10 07:25:09.172+00	2026-07-08 13:53:23.23+00
1	envu	Envu	\N	\N	167	2026-07-10 07:25:46.417+00	2026-07-08 13:53:22.461+00
\.


--
-- Data for Name: categories; Type: TABLE DATA; Schema: public; Owner: neondb_owner
--

COPY public.categories (id, slug, name, short_name, tagline, description, long_description, hero_image_id, icon_key, updated_at, created_at) FROM stdin;
8	thuoc-diet-muoi-ruoi-con-trung-bay	Thuáťc Kiáťm SoĂĄt Muáťi, Ruáťi & CĂ´n TrĂšng Bay	Diáťt Muáťi & Ruáťi	Kiáťm soĂĄt muáťi, ruáťi vĂ  cĂ´n trĂšng bay trong gia dáťĽng vĂ  y táşż.	CĂĄc cháşż pháşŠm phun khĂ´ng gian, phun táťn lĆ°u vĂ  xáť­ lĂ˝ cĂ´n trĂšng bay cho nhĂ  áť, cĆĄ sáť dáťch váťĽ vĂ  khu váťąc cáťng Äáťng.	Danh máťĽc gáťm cĂĄc sáşŁn pháşŠm háť tráťŁ kiáťm soĂĄt muáťi, ruáťi vĂ  máťt sáť cĂ´n trĂšng bay/bĂ˛ thĆ°áťng gáşˇp. SáşŁn pháşŠm cĂł nhiáťu dáşĄng nhĆ° EW, EC, CS, SEC vĂ  dung dáťch chuyĂŞn dáťĽng; cáş§n láťąa cháťn theo Äáťi tĆ°áťŁng, khu váťąc xáť­ lĂ˝ vĂ  hĆ°áťng dáşŤn trĂŞn nhĂŁn.	69	Bug	2026-07-10 05:34:07.562+00	2026-07-03 09:03:24.357+00
7	thuoc-diet-gian	Thuáťc Kiáťm SoĂĄt GiĂĄn	Diáťt GiĂĄn	GiáşŁi phĂĄp xáť­ lĂ˝ giĂĄn báşąng báşŁ gel, báťt vĂ  sáşŁn pháşŠm chuyĂŞn dáťĽng.	Danh máťĽc báşŁ gel vĂ  cháşż pháşŠm kiáťm soĂĄt giĂĄn cho nhĂ  áť, khĂĄch sáşĄn, nhĂ  hĂ ng, trĆ°áťng háťc vĂ  khu váťąc dáťch váťĽ.	Green Oli cung cáşĽp cĂĄc nguyĂŞn liáťu hĂła cháşĽt cĆĄ báşŁn ÄáşĄt chuáşŠn cĂ´ng nghiáťp/dĆ°áťŁc pháşŠm, cĂł cháťŠng nháş­n xuáşĽt xáťŠ, MSDS Äáş§y Äáť§ vĂ  tĆ° váşĽn káťš thuáş­t theo táťŤng áťŠng dáťĽng cáťĽ tháť.	130	FlaskConical	2026-07-10 05:34:40.398+00	2026-07-03 09:03:22.496+00
6	thuoc-diet-kien	Thuáťc Kiáťm SoĂĄt Kiáşżn	Diáťt Kiáşżn	Kiáťm soĂĄt kiáşżn báşąng báşŁ chuyĂŞn dáťĽng, háť tráťŁ xáť­ lĂ˝ táş­n táť.	CĂĄc sáşŁn pháşŠm báşŁ diáťt kiáşżn dáşĄng gel, phĂš háťŁp xáť­ lĂ˝ ÄĆ°áťng Äi vĂ  khu váťąc kiáşżn hoáşĄt Äáťng.	Danh máťĽc Ć°u tiĂŞn cĂĄc loáşĄi báşŁ cĂł tĂĄc Äáťng cháş­m Äáť kiáşżn tháťŁ mang máťi váť táť, háť tráťŁ giáşŁm máş­t Äáť vĂ  xáť­ lĂ˝ áť kiáşżn. NĂŞn Äáşˇt báşŁ áť váť trĂ­ khĂ´ rĂĄo, ngoĂ i táş§m váťi cáť§a tráşť em vĂ  váş­t nuĂ´i.	126	Microscope	2026-07-10 05:35:15.956+00	2026-07-03 09:03:20.51+00
5	thuoc-diet-moi	Thuáťc Kiáťm SoĂĄt Máťi	Diáťt Máťi	PhĂ˛ng tráťŤ máťi cho nhĂ  áť, cĂ´ng trĂŹnh, kho bĂŁi vĂ  khu váťąc cĂł nguy cĆĄ.	SáşŁn pháşŠm xáť­ lĂ˝, phĂ˛ng ngáťŤa vĂ  kiáťm soĂĄt máťi cho cĂ´ng trĂŹnh xĂ˘y dáťąng, nhĂ  áť, biáťt tháťą, kho hĂ ng vĂ  khu váťąc cáş§n báşŁo váť.	Danh máťĽc gáťm thuáťc xáť­ lĂ˝ máťi, báşŁ diáťt máťi vĂ  háť tháťng tráşĄm báşŁ. Váťi cĂ´ng trĂŹnh hoáşˇc áť máťi pháťŠc táşĄp, nĂŞn triáťn khai theo quy trĂŹnh káťš thuáş­t vĂ  kiáťm tra Äáťnh káťł báťi ÄĆĄn váť chuyĂŞn mĂ´n.	73	Bug	2026-07-10 05:38:11.747+00	2026-07-03 09:03:18.546+00
4	thuoc-diet-chuot	Thuáťc Kiáťm SoĂĄt Chuáťt	Diáťt Chuáťt	GiáşŁi phĂĄp kiáťm soĂĄt chuáťt báşąng báşŁ chuyĂŞn dáťĽng.	CĂĄc sáşŁn pháşŠm báşŁ diáťt chuáťt dáşĄng báťt, viĂŞn hoáşˇc block, phĂš háťŁp sáť­ dáťĽng táşĄi nhĂ  áť, kho bĂŁi, trang tráşĄi vĂ  khuĂ´n viĂŞn.\n	Danh máťĽc gáťm cĂĄc cháşż pháşŠm kiáťm soĂĄt chuáťt báşąng báşŁ chuyĂŞn dáťĽng. Khi sáť­ dáťĽng nĂŞn báť trĂ­ trong háťp báşŁ hoáşˇc váť trĂ­ an toĂ n, trĂĄnh Äáť tráşť em vĂ  váş­t nuĂ´i tiáşżp cáş­n; thu gom báşŁ tháťŤa vĂ  xĂĄc chuáťt sau xáť­ lĂ˝.	134	rat	2026-07-10 05:38:41.523+00	2026-07-03 09:03:16.537+00
3	kiem-soat-con-trung-chuyen-dung	Kiáťm SoĂĄt CĂ´n TrĂšng ChuyĂŞn DáťĽng	ChuyĂŞn DáťĽng	GiáşŁi phĂĄp chuyĂŞn sĂ˘u cho ráťp, báť chĂŠt, báť ve vĂ  khu váťąc khĂł xáť­ lĂ˝.	SáşŁn pháşŠm háť tráťŁ kiáťm soĂĄt cĂ´n trĂšng khĂł xáť­ lĂ˝, cĂ´n trĂšng khĂĄng thuáťc vĂ  khu váťąc cĂł nhiáťu khe káş˝.\n	Danh máťĽc gáťm sáşŁn pháşŠm kiáťm soĂĄt vĂ˛ng Äáťi cĂ´n trĂšng, ráťp giĆ°áťng, báť chĂŠt, báť ve, giĂĄn vĂ  cĂĄc trĆ°áťng háťŁp cáş§n giáşŁi phĂĄp chuyĂŞn sĂ˘u. Máťt sáť sáşŁn pháşŠm cáş§n káťš thuáş­t thi cĂ´ng phĂš háťŁp Äáť ÄáşĄt hiáťu quáşŁ vĂ  ÄáşŁm báşŁo an toĂ n.\n	135	ShieldCheck	2026-07-10 05:39:16.265+00	2026-07-03 09:03:15.235+00
2	xua-duoi-ran-va-bo-sat	Xua Äuáťi RáşŻn & BĂ˛ SĂĄt	Xua RáşŻn & BĂ˛ SĂĄt	TáşĄo hĂ ng rĂ o xua Äuáťi ráşŻn, tháşąn láşąn vĂ  máťt sáť loĂ i bĂ˛ sĂĄt.	SáşŁn pháşŠm dáşĄng dung dáťch hoáşˇc háşĄt, háť tráťŁ táşĄo vĂšng xua Äuáťi ráşŻn vĂ  tháşąn láşąn cho sĂ˘n vĆ°áťn, khuĂ´n viĂŞn vĂ  cĂ´ng trĂŹnh.\n	Danh máťĽc gáťm sáşŁn pháşŠm xua Äuáťi ráşŻn vĂ  tháşąn láşąn dáťąa trĂŞn mĂši cáť§a tinh dáş§u tháťąc váş­t. SáşŁn pháşŠm phĂš háťŁp sáť­ dáťĽng quanh khu váťąc cáş§n báşŁo váť; cáş§n ráşŁi hoáşˇc phun theo ÄĂşng hĆ°áťng dáşŤn vĂ  duy trĂŹ vĂšng báşŁo váť khi cáş§n.\n	112	ShieldAlert	2026-07-10 05:39:40.486+00	2026-07-03 09:03:13.942+00
1	dung-cu-xu-ly-con-trung	DáťĽng CáťĽ Xáť­ LĂ˝ CĂ´n TrĂšng	DáťĽng CáťĽ	Thiáşżt báť háť tráťŁ thi cĂ´ng vĂ  xáť­ lĂ˝ cĂ´n trĂšng chuyĂŞn nghiáťp.	DáťĽng cáťĽ háť tráťŁ phun/ráşŁi cháşż pháşŠm táşĄi khe háť, khu váťąc khĂł tiáşżp cáş­n vĂ  Äiáťm trĂş áşŠn cáť§a cĂ´n trĂšng.\n	Danh máťĽc gáťm thiáşżt báť háť tráťŁ thi cĂ´ng chuyĂŞn dáťĽng. Láťąa cháťn ÄĂşng vĂ˛i phun, váş­t tĆ° vĂ  cĂĄch váť sinh thiáşżt báť giĂşp viáťc xáť­ lĂ˝ ÄáşĄt Äáť chĂ­nh xĂĄc cao hĆĄn vĂ  háşĄn cháşż hao phĂ­ sáşŁn pháşŠm.	157	Wrench	2026-07-10 05:40:05.345+00	2026-07-03 09:03:11.488+00
\.


--
-- Data for Name: gallery; Type: TABLE DATA; Schema: public; Owner: neondb_owner
--

COPY public.gallery (id, image_id, caption, updated_at, created_at) FROM stdin;
1	55	Phun ULV phĂ˛ng dáťch sáťt xuáşĽt huyáşżt	2026-07-03 09:04:31.702+00	2026-07-03 09:04:31.702+00
2	56	DĂ˘y chuyáťn ÄĂłng gĂłi táşĄi nhĂ  mĂĄy BĂŹnh DĆ°ĆĄng	2026-07-03 09:04:33.039+00	2026-07-03 09:04:33.039+00
3	57	PhĂ˛ng QC ÄáşĄt chuáşŠn GLP	2026-07-03 09:04:34.455+00	2026-07-03 09:04:34.455+00
4	58	Táş­p huáşĽn káťš thuáş­t miáťn BáşŻc 2026	2026-07-03 09:04:35.974+00	2026-07-03 09:04:35.974+00
5	59	LáşŻp Äáşˇt tráşĄm báşŁ Xterm â resort PhĂş Quáťc	2026-07-03 09:04:40.763+00	2026-07-03 09:04:40.763+00
6	60	HáťŁp tĂĄc cĂšng HTX miáťn TĂ˘y	2026-07-03 09:04:42.543+00	2026-07-03 09:04:42.543+00
\.


--
-- Data for Name: leads; Type: TABLE DATA; Schema: public; Owner: neondb_owner
--

COPY public.leads (id, full_name, email, phone, subject, message, status, updated_at, created_at) FROM stdin;
1	Tr?n Van Test	test@example.com	0901234567	Tu v?n d?ch v?	Tďż˝i mu?n tu v?n v? d?ch v? di?t cďż˝n trďż˝ng cho nhďż˝ hďż˝ng.	new	2026-07-03 11:16:15.606+00	2026-07-03 11:16:15.604+00
2	Prod Test	prod@test.com	0912345678	Test production	Ki?m tra contact form trďż˝n production build.	new	2026-07-03 12:26:19.971+00	2026-07-03 12:26:19.97+00
\.


--
-- Data for Name: media; Type: TABLE DATA; Schema: public; Owner: neondb_owner
--

COPY public.media (id, alt, updated_at, created_at, url, thumbnail_u_r_l, filename, mime_type, filesize, width, height, focal_x, focal_y) FROM stdin;
3	PhĂ˘n BĂłn Gáťc	2026-07-03 09:03:12.89+00	2026-07-03 09:03:12.89+00	https://res.cloudinary.com/gaklspua/image/upload/v1/greenoli/--picsum-photos-seed-phanbongoc-1280-640?_a=BAMAPqRk0	\N	--picsum-photos-seed-phanbongoc-1280-640.jpg	image/jpeg	27669	1280	640	50	50
4	Thuáťc TráťŤ Báťnh	2026-07-03 09:03:14.316+00	2026-07-03 09:03:14.315+00	https://res.cloudinary.com/gaklspua/image/upload/v1/greenoli/ps---picsum-photos-seed-trubenh-1280-640?_a=BAMAPqRk0	\N	ps---picsum-photos-seed-trubenh-1280-640.jpg	image/jpeg	9799	1280	640	50	50
5	Thuáťc TráťŤ Cáť	2026-07-03 09:03:15.62+00	2026-07-03 09:03:15.62+00	https://res.cloudinary.com/gaklspua/image/upload/v1/greenoli/ttps---picsum-photos-seed-truco-1280-640?_a=BAMAPqRk0	\N	ttps---picsum-photos-seed-truco-1280-640.jpg	image/jpeg	199089	1280	640	50	50
6	Thuáťc TráťŤ SĂ˘u Ráş§y Ráťp	2026-07-03 09:03:17.541+00	2026-07-03 09:03:17.541+00	https://res.cloudinary.com/gaklspua/image/upload/v1/greenoli/tps---picsum-photos-seed-trusau-1280-640?_a=BAMAPqRk0	\N	tps---picsum-photos-seed-trusau-1280-640.jpg	image/jpeg	64451	1280	640	50	50
7	Cháşż PháşŠm Sinh Háťc â Vi Sinh	2026-07-03 09:03:19.527+00	2026-07-03 09:03:19.527+00	https://res.cloudinary.com/gaklspua/image/upload/v1/greenoli/tps---picsum-photos-seed-visinh-1280-640?_a=BAMAPqRk0	\N	tps---picsum-photos-seed-visinh-1280-640.jpg	image/jpeg	46405	1280	640	50	50
8	HĂła CháşĽt NguyĂŞn Liáťu CĆĄ BáşŁn	2026-07-03 09:03:21.506+00	2026-07-03 09:03:21.506+00	https://res.cloudinary.com/gaklspua/image/upload/v1/greenoli/--picsum-photos-seed-nguyenlieu-1280-640?_a=BAMAPqRk0	\N	--picsum-photos-seed-nguyenlieu-1280-640.jpg	image/jpeg	76853	1280	640	50	50
9	HĂła CháşĽt Diáťt CĂ´n TrĂšng	2026-07-03 09:03:23.485+00	2026-07-03 09:03:23.485+00	https://res.cloudinary.com/gaklspua/image/upload/v1/greenoli/picsum-photos-seed-dietcontrung-1280-640?_a=BAMAPqRk0	\N	picsum-photos-seed-dietcontrung-1280-640.jpg	image/jpeg	62852	1280	640	50	50
10	Sumipro EW	2026-07-03 09:03:24.68+00	2026-07-03 09:03:24.68+00	https://res.cloudinary.com/gaklspua/image/upload/v1/greenoli/--picsum-photos-seed-sumipro-ew-1200-900?_a=BAMAPqRk0	\N	--picsum-photos-seed-sumipro-ew-1200-900.jpg	image/jpeg	108318	1200	900	50	50
11	Sumipro EW	2026-07-03 09:03:26.197+00	2026-07-03 09:03:26.197+00	https://res.cloudinary.com/gaklspua/image/upload/v1/greenoli/picsum-photos-seed-sumipro-ew-1-1200-900?_a=BAMAPqRk0	\N	picsum-photos-seed-sumipro-ew-1-1200-900.jpg	image/jpeg	118037	1200	900	50	50
12	Sumipro EW	2026-07-03 09:03:27.421+00	2026-07-03 09:03:27.421+00	https://res.cloudinary.com/gaklspua/image/upload/v1/greenoli/picsum-photos-seed-sumipro-ew-2-1200-900?_a=BAMAPqRk0	\N	picsum-photos-seed-sumipro-ew-2-1200-900.jpg	image/jpeg	70665	1200	900	50	50
13	Sumipro EW	2026-07-03 09:03:28.77+00	2026-07-03 09:03:28.77+00	https://res.cloudinary.com/gaklspua/image/upload/v1/greenoli/picsum-photos-seed-sumipro-ew-3-1200-900?_a=BAMAPqRk0	\N	picsum-photos-seed-sumipro-ew-3-1200-900.jpg	image/jpeg	224220	1200	900	50	50
14	Sumipro EW	2026-07-03 09:03:30.028+00	2026-07-03 09:03:30.028+00	https://res.cloudinary.com/gaklspua/image/upload/v1/greenoli/picsum-photos-seed-sumipro-ew-4-1200-900?_a=BAMAPqRk0	\N	picsum-photos-seed-sumipro-ew-4-1200-900.jpg	image/jpeg	126546	1200	900	50	50
15	Sumithrin 10SEC	2026-07-03 09:03:31.33+00	2026-07-03 09:03:31.33+00	https://res.cloudinary.com/gaklspua/image/upload/v1/greenoli/---picsum-photos-seed-sumithrin-1200-900?_a=BAMAPqRk0	\N	---picsum-photos-seed-sumithrin-1200-900.jpg	image/jpeg	171070	1200	900	50	50
16	Sumithrin 10SEC	2026-07-03 09:03:32.62+00	2026-07-03 09:03:32.62+00	https://res.cloudinary.com/gaklspua/image/upload/v1/greenoli/-picsum-photos-seed-sumithrin-1-1200-900?_a=BAMAPqRk0	\N	-picsum-photos-seed-sumithrin-1-1200-900.jpg	image/jpeg	96527	1200	900	50	50
17	Sumithrin 10SEC	2026-07-03 09:03:33.905+00	2026-07-03 09:03:33.905+00	https://res.cloudinary.com/gaklspua/image/upload/v1/greenoli/-picsum-photos-seed-sumithrin-2-1200-900?_a=BAMAPqRk0	\N	-picsum-photos-seed-sumithrin-2-1200-900.jpg	image/jpeg	51509	1200	900	50	50
18	Sumithrin 10SEC	2026-07-03 09:03:35.151+00	2026-07-03 09:03:35.151+00	https://res.cloudinary.com/gaklspua/image/upload/v1/greenoli/-picsum-photos-seed-sumithrin-3-1200-900?_a=BAMAPqRk0	\N	-picsum-photos-seed-sumithrin-3-1200-900.jpg	image/jpeg	157284	1200	900	50	50
19	Pesguard FG 161	2026-07-03 09:03:36.511+00	2026-07-03 09:03:36.511+00	https://res.cloudinary.com/gaklspua/image/upload/v1/greenoli/s---picsum-photos-seed-pesguard-1200-900?_a=BAMAPqRk0	\N	s---picsum-photos-seed-pesguard-1200-900.jpg	image/jpeg	194176	1200	900	50	50
20	Pesguard FG 161	2026-07-03 09:03:37.75+00	2026-07-03 09:03:37.75+00	https://res.cloudinary.com/gaklspua/image/upload/v1/greenoli/--picsum-photos-seed-pesguard-1-1200-900?_a=BAMAPqRk0	\N	--picsum-photos-seed-pesguard-1-1200-900.jpg	image/jpeg	73014	1200	900	50	50
21	Pesguard FG 161	2026-07-03 09:03:39.031+00	2026-07-03 09:03:39.031+00	https://res.cloudinary.com/gaklspua/image/upload/v1/greenoli/--picsum-photos-seed-pesguard-2-1200-900?_a=BAMAPqRk0	\N	--picsum-photos-seed-pesguard-2-1200-900.jpg	image/jpeg	72188	1200	900	50	50
22	Map Permethrin 50EC	2026-07-03 09:03:40.398+00	2026-07-03 09:03:40.398+00	https://res.cloudinary.com/gaklspua/image/upload/v1/greenoli/--picsum-photos-seed-permethrin-1200-900?_a=BAMAPqRk0	\N	--picsum-photos-seed-permethrin-1200-900.jpg	image/jpeg	137543	1200	900	50	50
23	Map Permethrin 50EC	2026-07-03 09:03:41.855+00	2026-07-03 09:03:41.855+00	https://res.cloudinary.com/gaklspua/image/upload/v1/greenoli/picsum-photos-seed-permethrin-1-1200-900?_a=BAMAPqRk0	\N	picsum-photos-seed-permethrin-1-1200-900.jpg	image/jpeg	65796	1200	900	50	50
24	Map Permethrin 50EC	2026-07-03 09:03:43.079+00	2026-07-03 09:03:43.079+00	https://res.cloudinary.com/gaklspua/image/upload/v1/greenoli/picsum-photos-seed-permethrin-2-1200-900?_a=BAMAPqRk0	\N	picsum-photos-seed-permethrin-2-1200-900.jpg	image/jpeg	119468	1200	900	50	50
25	Sumipro Solution	2026-07-03 09:03:44.452+00	2026-07-03 09:03:44.452+00	https://res.cloudinary.com/gaklspua/image/upload/v1/greenoli/-picsum-photos-seed-sumipro-sol-1200-900?_a=BAMAPqRk0	\N	-picsum-photos-seed-sumipro-sol-1200-900.jpg	image/jpeg	78095	1200	900	50	50
26	Sumipro Solution	2026-07-03 09:03:45.893+00	2026-07-03 09:03:45.893+00	https://res.cloudinary.com/gaklspua/image/upload/v1/greenoli/icsum-photos-seed-sumipro-sol-1-1200-900?_a=BAMAPqRk0	\N	icsum-photos-seed-sumipro-sol-1-1200-900.jpg	image/jpeg	118661	1200	900	50	50
27	Sumipro Solution	2026-07-03 09:03:47.204+00	2026-07-03 09:03:47.204+00	https://res.cloudinary.com/gaklspua/image/upload/v1/greenoli/icsum-photos-seed-sumipro-sol-2-1200-900?_a=BAMAPqRk0	\N	icsum-photos-seed-sumipro-sol-2-1200-900.jpg	image/jpeg	101287	1200	900	50	50
28	Sumithrin Extra	2026-07-03 09:03:48.572+00	2026-07-03 09:03:48.572+00	https://res.cloudinary.com/gaklspua/image/upload/v1/greenoli/-picsum-photos-seed-sumithrin-x-1200-900?_a=BAMAPqRk0	\N	-picsum-photos-seed-sumithrin-x-1200-900.jpg	image/jpeg	111458	1200	900	50	50
29	Sumithrin Extra	2026-07-03 09:03:49.79+00	2026-07-03 09:03:49.79+00	https://res.cloudinary.com/gaklspua/image/upload/v1/greenoli/icsum-photos-seed-sumithrin-x-1-1200-900?_a=BAMAPqRk0	\N	icsum-photos-seed-sumithrin-x-1-1200-900.jpg	image/jpeg	87375	1200	900	50	50
30	Sumithrin Extra	2026-07-03 09:03:50.98+00	2026-07-03 09:03:50.98+00	https://res.cloudinary.com/gaklspua/image/upload/v1/greenoli/icsum-photos-seed-sumithrin-x-2-1200-900?_a=BAMAPqRk0	\N	icsum-photos-seed-sumithrin-x-2-1200-900.jpg	image/jpeg	88131	1200	900	50	50
31	Háť Tháťng Xterm	2026-07-03 09:03:52.289+00	2026-07-03 09:03:52.289+00	https://res.cloudinary.com/gaklspua/image/upload/v1/greenoli/ttps---picsum-photos-seed-xterm-1200-900?_a=BAMAPqRk0	\N	ttps---picsum-photos-seed-xterm-1200-900.jpg	image/jpeg	86848	1200	900	50	50
32	Háť Tháťng Xterm	2026-07-03 09:03:55.383+00	2026-07-03 09:03:55.383+00	https://res.cloudinary.com/gaklspua/image/upload/v1/greenoli/ps---picsum-photos-seed-xterm-1-1200-900?_a=BAMAPqRk0	\N	ps---picsum-photos-seed-xterm-1-1200-900.jpg	image/jpeg	270281	1200	900	50	50
33	Háť Tháťng Xterm	2026-07-03 09:03:56.759+00	2026-07-03 09:03:56.759+00	https://res.cloudinary.com/gaklspua/image/upload/v1/greenoli/ps---picsum-photos-seed-xterm-2-1200-900?_a=BAMAPqRk0	\N	ps---picsum-photos-seed-xterm-2-1200-900.jpg	image/jpeg	170094	1200	900	50	50
34	Háť Tháťng Xterm	2026-07-03 09:03:58.1+00	2026-07-03 09:03:58.1+00	https://res.cloudinary.com/gaklspua/image/upload/v1/greenoli/ps---picsum-photos-seed-xterm-3-1200-900?_a=BAMAPqRk0	\N	ps---picsum-photos-seed-xterm-3-1200-900.jpg	image/jpeg	118809	1200	900	50	50
35	5 cĂĄch phĂ˛ng cháťng muáťi hiáťu quáşŁ trong mĂša mĆ°a	2026-07-03 09:03:59.526+00	2026-07-03 09:03:59.526+00	https://res.cloudinary.com/gaklspua/image/upload/v1/greenoli/---picsum-photos-seed-news-muoi-1280-720?_a=BAMAPqRk0	\N	---picsum-photos-seed-news-muoi-1280-720.jpg	image/jpeg	101606	1280	720	50	50
36	HĆ°áťng dáşŤn sáť­ dáťĽng phĂ˘n bĂłn lĂĄ ÄĂşng cĂĄch cho rau Än lĂĄ	2026-07-03 09:04:00.824+00	2026-07-03 09:04:00.824+00	https://res.cloudinary.com/gaklspua/image/upload/v1/greenoli/--picsum-photos-seed-news-bonla-1280-720?_a=BAMAPqRk0	\N	--picsum-photos-seed-news-bonla-1280-720.jpg	image/jpeg	67460	1280	720	50	50
37	Kiáťm soĂĄt máťi cho cĂ´ng trĂŹnh máťi: nĂŞn lĂ m trĆ°áťc hay sau xĂ˘y dáťąng?	2026-07-03 09:04:02.033+00	2026-07-03 09:04:02.033+00	https://res.cloudinary.com/gaklspua/image/upload/v1/greenoli/s---picsum-photos-seed-news-moi-1280-720?_a=BAMAPqRk0	\N	s---picsum-photos-seed-news-moi-1280-720.jpg	image/jpeg	75063	1280	720	50	50
38	Cháşż pháşŠm vi sinh â giáşŁi phĂĄp cáťŠu ÄáşĽt báşĄc mĂ u	2026-07-03 09:04:03.414+00	2026-07-03 09:04:03.414+00	https://res.cloudinary.com/gaklspua/image/upload/v1/greenoli/-picsum-photos-seed-news-visinh-1280-720?_a=BAMAPqRk0	\N	-picsum-photos-seed-news-visinh-1280-720.jpg	image/jpeg	105337	1280	720	50	50
39	An toĂ n khi sáť­ dáťĽng hĂła cháşĽt diáťt cĂ´n trĂšng táşĄi nhĂ 	2026-07-03 09:04:04.727+00	2026-07-03 09:04:04.727+00	https://res.cloudinary.com/gaklspua/image/upload/v1/greenoli/-picsum-photos-seed-news-antoan-1280-720?_a=BAMAPqRk0	\N	-picsum-photos-seed-news-antoan-1280-720.jpg	image/jpeg	127048	1280	720	50	50
40	Xu hĆ°áťng nĂ´ng nghiáťp xanh 2026: cĆĄ háťi vĂ  thĂĄch tháťŠc	2026-07-03 09:04:05.951+00	2026-07-03 09:04:05.951+00	https://res.cloudinary.com/gaklspua/image/upload/v1/greenoli/picsum-photos-seed-news-xuhuong-1280-720?_a=BAMAPqRk0	\N	picsum-photos-seed-news-xuhuong-1280-720.jpg	image/jpeg	161395	1280	720	50	50
41	Green Oli máť ráťng tháť trĆ°áťng miáťn Trung â khai trĆ°ĆĄng 3 chi nhĂĄnh	2026-07-03 09:04:07.55+00	2026-07-03 09:04:07.55+00	https://res.cloudinary.com/gaklspua/image/upload/v1/greenoli/csum-photos-seed-news-mienTrung-1280-720?_a=BAMAPqRk0	\N	csum-photos-seed-news-mienTrung-1280-720.jpg	image/jpeg	79385	1280	720	50	50
42	Diáťt Máťi Táş­n Gáťc	2026-07-03 09:04:08.805+00	2026-07-03 09:04:08.805+00	https://res.cloudinary.com/gaklspua/image/upload/v1/greenoli/tps---picsum-photos-seed-dietmoi-960-720?_a=BAMAPqRk0	\N	tps---picsum-photos-seed-dietmoi-960-720.jpg	image/jpeg	29752	960	720	50	50
43	Diáťt Chuáťt	2026-07-03 09:04:11.076+00	2026-07-03 09:04:11.076+00	https://res.cloudinary.com/gaklspua/image/upload/v1/greenoli/s---picsum-photos-seed-dietchuot-960-720?_a=BAMAPqRk0	\N	s---picsum-photos-seed-dietchuot-960-720.jpg	image/jpeg	75250	960	720	50	50
44	Diáťt Muáťi	2026-07-03 09:04:13.027+00	2026-07-03 09:04:13.027+00	https://res.cloudinary.com/gaklspua/image/upload/v1/greenoli/ps---picsum-photos-seed-dietmuoi-960-720?_a=BAMAPqRk0	\N	ps---picsum-photos-seed-dietmuoi-960-720.jpg	image/jpeg	93803	960	720	50	50
45	Váť Sinh CĂ´ng Nghiáťp	2026-07-03 09:04:14.833+00	2026-07-03 09:04:14.833+00	https://res.cloudinary.com/gaklspua/image/upload/v1/greenoli/ttps---picsum-photos-seed-vesinh-960-720?_a=BAMAPqRk0	\N	ttps---picsum-photos-seed-vesinh-960-720.jpg	image/jpeg	73943	960	720	50	50
46	Diáťt GiĂĄn & CĂ´n TrĂšng	2026-07-03 09:04:17.013+00	2026-07-03 09:04:17.013+00	https://res.cloudinary.com/gaklspua/image/upload/v1/greenoli/ps---picsum-photos-seed-dietgian-960-720?_a=BAMAPqRk0	\N	ps---picsum-photos-seed-dietgian-960-720.jpg	image/jpeg	144492	960	720	50	50
47	Sumitomo Chemical	2026-07-03 09:04:19.058+00	2026-07-03 09:04:19.058+00	https://res.cloudinary.com/gaklspua/image/upload/v1/greenoli/ps---picsum-photos-seed-sumitomo-240-120?_a=BAMAPqRk0	\N	ps---picsum-photos-seed-sumitomo-240-120.jpg	image/jpeg	7616	240	120	50	50
48	Bayer CropScience	2026-07-03 09:04:20.44+00	2026-07-03 09:04:20.44+00	https://res.cloudinary.com/gaklspua/image/upload/v1/greenoli/https---picsum-photos-seed-bayer-240-120?_a=BAMAPqRk0	\N	https---picsum-photos-seed-bayer-240-120.jpg	image/jpeg	8181	240	120	50	50
49	Syngenta	2026-07-03 09:04:21.822+00	2026-07-03 09:04:21.822+00	https://res.cloudinary.com/gaklspua/image/upload/v1/greenoli/ps---picsum-photos-seed-syngenta-240-120?_a=BAMAPqRk0	\N	ps---picsum-photos-seed-syngenta-240-120.jpg	image/jpeg	5438	240	120	50	50
50	BASF	2026-07-03 09:04:23.339+00	2026-07-03 09:04:23.339+00	https://res.cloudinary.com/gaklspua/image/upload/v1/greenoli/https---picsum-photos-seed-basf-240-120?_a=BAMAPqRk0	\N	https---picsum-photos-seed-basf-240-120.jpg	image/jpeg	6123	240	120	50	50
51	Dow AgroSciences	2026-07-03 09:04:24.922+00	2026-07-03 09:04:24.922+00	https://res.cloudinary.com/gaklspua/image/upload/v1/greenoli/https---picsum-photos-seed-dow-240-120?_a=BAMAPqRk0	\N	https---picsum-photos-seed-dow-240-120.jpg	image/jpeg	4696	240	120	50	50
52	FMC	2026-07-03 09:04:26.235+00	2026-07-03 09:04:26.235+00	https://res.cloudinary.com/gaklspua/image/upload/v1/greenoli/https---picsum-photos-seed-fmc-240-120?_a=BAMAPqRk0	\N	https---picsum-photos-seed-fmc-240-120.jpg	image/jpeg	5795	240	120	50	50
53	Corteva	2026-07-03 09:04:27.775+00	2026-07-03 09:04:27.775+00	https://res.cloudinary.com/gaklspua/image/upload/v1/greenoli/tps---picsum-photos-seed-corteva-240-120?_a=BAMAPqRk0	\N	tps---picsum-photos-seed-corteva-240-120.jpg	image/jpeg	7449	240	120	50	50
54	Nufarm	2026-07-03 09:04:29.283+00	2026-07-03 09:04:29.283+00	https://res.cloudinary.com/gaklspua/image/upload/v1/greenoli/ttps---picsum-photos-seed-nufarm-240-120?_a=BAMAPqRk0	\N	ttps---picsum-photos-seed-nufarm-240-120.jpg	image/jpeg	8757	240	120	50	50
55	Äáťi ngĹŠ káťš thuáş­t Green Oli phun ULV táşĄi khu dĂ˘n cĆ°	2026-07-03 09:04:30.808+00	2026-07-03 09:04:30.808+00	https://res.cloudinary.com/gaklspua/image/upload/v1/greenoli/---picsum-photos-seed-gallery-1-1200-800?_a=BAMAPqRk0	\N	---picsum-photos-seed-gallery-1-1200-800.jpg	image/jpeg	68719	1200	800	50	50
56	NhĂ  mĂĄy ÄĂłng gĂłi hĂła cháşĽt tiĂŞu chuáşŠn ISO	2026-07-03 09:04:32.027+00	2026-07-03 09:04:32.027+00	https://res.cloudinary.com/gaklspua/image/upload/v1/greenoli/---picsum-photos-seed-gallery-2-1200-800?_a=BAMAPqRk0	\N	---picsum-photos-seed-gallery-2-1200-800.jpg	image/jpeg	68346	1200	800	50	50
57	PhĂ˛ng thĂ­ nghiáťm kiáťm nghiáťm cháşĽt lĆ°áťŁng	2026-07-03 09:04:33.36+00	2026-07-03 09:04:33.36+00	https://res.cloudinary.com/gaklspua/image/upload/v1/greenoli/---picsum-photos-seed-gallery-3-1200-800?_a=BAMAPqRk0	\N	---picsum-photos-seed-gallery-3-1200-800.jpg	image/jpeg	83506	1200	800	50	50
138	Thuáťc Diáťt GiĂĄn	2026-07-06 06:27:54.28+00	2026-07-06 06:27:54.28+00	https://res.cloudinary.com/gaklspua/image/upload/v1/greenoli/cat_gian?_a=BAMAPqRk0	\N	cat_gian.png	image/png	562825	1024	1024	50	50
58	Táş­p huáşĽn káťš thuáş­t cho Äáťi ngĹŠ phĂ˘n pháťi miáťn BáşŻc	2026-07-03 09:04:34.777+00	2026-07-03 09:04:34.777+00	https://res.cloudinary.com/gaklspua/image/upload/v1/greenoli/---picsum-photos-seed-gallery-4-1200-800?_a=BAMAPqRk0	\N	---picsum-photos-seed-gallery-4-1200-800.jpg	image/jpeg	131515	1200	800	50	50
59	LáşŻp Äáşˇt tráşĄm báşŁ Xterm cho biáťt tháťą ngháť dĆ°áťĄng	2026-07-03 09:04:36.328+00	2026-07-03 09:04:36.328+00	https://res.cloudinary.com/gaklspua/image/upload/v1/greenoli/---picsum-photos-seed-gallery-5-1200-800?_a=BAMAPqRk0	\N	---picsum-photos-seed-gallery-5-1200-800.jpg	image/jpeg	154188	1200	800	50	50
60	HáťŁp tĂĄc canh tĂĄc xanh cĂšng nĂ´ng dĂ˘n Äáťng báşąng sĂ´ng Cáť­u Long	2026-07-03 09:04:41.562+00	2026-07-03 09:04:41.562+00	https://res.cloudinary.com/gaklspua/image/upload/v1/greenoli/---picsum-photos-seed-gallery-6-1200-800?_a=BAMAPqRk0	\N	---picsum-photos-seed-gallery-6-1200-800.jpg	image/jpeg	59848	1200	800	50	50
62	Thuáťc diáťt cĂ´n trĂšng Permethor Shield Liquid Insecticide 1 lĂ­t cáť§a Ensystex	2026-07-04 06:46:14.851+00	2026-07-04 06:46:14.851+00	https://res.cloudinary.com/gaklspua/image/upload/v1/greenoli/permethor-shield-liquid-insecticide-1-lit?_a=BAMAAARk0	\N	permethor-shield-liquid-insecticide-1-lit.jpg	image/jpeg	351059	500	952	50	50
63	Cháşż pháşŠm kiáťm soĂĄt giĂĄn ÄáťŠc Pesguard Alpha 5FL 1 lĂ­t cáť§a Sumitomo Chemical	2026-07-04 06:47:33.783+00	2026-07-04 06:47:33.782+00	https://res.cloudinary.com/gaklspua/image/upload/v1/greenoli/pesguard-alpha-5fl-1-lit?_a=BAMAAARk0	\N	pesguard-alpha-5fl-1-lit.jpg	image/jpeg	475467	826	1280	50	50
64	Cháşż pháşŠm diáťt muáťi, ruáťi, kiáşżn, giĂĄn Pesguard FG161 1 lĂ­t cáť§a Sumitomo Chemical	2026-07-04 06:47:36.65+00	2026-07-04 06:47:36.65+00	https://res.cloudinary.com/gaklspua/image/upload/v1/greenoli/pesguard-fg161-1-lit?_a=BAMAAARk0	\N	pesguard-fg161-1-lit.jpg	image/jpeg	144705	900	1000	50	50
65	Cháşż pháşŠm diáťt muáťi, ruáťi, kiáşżn, giĂĄn Pesguard FG161 1 lĂ­t cáť§a Sumitomo Chemical	2026-07-04 06:47:38.035+00	2026-07-04 06:47:38.035+00	https://res.cloudinary.com/gaklspua/image/upload/v1/greenoli/pesguard-fg161-1-lit-1?_a=BAMAAARk0	\N	pesguard-fg161-1-lit-1.jpg	image/jpeg	92465	900	1000	50	50
66	SumiPro EW háť tráťŁ kiáťm soĂĄt muáťi táşĄi khu váťąc chÄn nuĂ´i gia sĂşc	2026-07-04 07:01:23.692+00	2026-07-04 07:01:23.692+00	https://res.cloudinary.com/gaklspua/image/upload/v1/greenoli/sumipro-ew-bao-ve-gia-suc-khoi-muoi?_a=BAMAAARk0	\N	sumipro-ew-bao-ve-gia-suc-khoi-muoi.jpg	image/jpeg	652780	1200	1200	50	50
67	Minh háťa háť tháťng Xterm báşŁo váť cĂ´ng trĂŹnh láťch sáť­ kháťi máťi	2026-07-04 07:01:32.27+00	2026-07-04 07:01:32.27+00	https://res.cloudinary.com/gaklspua/image/upload/v1/greenoli/xterm-bao-ve-cong-trinh-lich-su-khoi-moi?_a=BAMAAARk0	\N	xterm-bao-ve-cong-trinh-lich-su-khoi-moi.jpg	image/jpeg	1222970	1200	1200	50	50
68	Wazary 10SC háť tráťŁ kiáťm soĂĄt máťi táşĄi khu váťąc nhĂ  áť	2026-07-04 07:01:42.858+00	2026-07-04 07:01:42.858+00	https://res.cloudinary.com/gaklspua/image/upload/v1/greenoli/wazary-10sc-diet-moi-cho-nha-o?_a=BAMAAARk0	\N	wazary-10sc-diet-moi-cho-nha-o.jpg	image/jpeg	682213	900	900	50	50
69	SumiPro EW háť tráťŁ kiáťm soĂĄt ruáťi táşĄi khu váťąc chÄn nuĂ´i	2026-07-04 07:01:45.338+00	2026-07-04 07:01:45.338+00	https://res.cloudinary.com/gaklspua/image/upload/v1/greenoli/sumipro-ew-kiem-soat-ruoi-tai-trang-trai?_a=BAMAAARk0	\N	sumipro-ew-kiem-soat-ruoi-tai-trang-trai.jpg	image/jpeg	938736	1280	1024	50	50
70	Minh háťa háť tháťng Xterm tĂĄc Äáťng vĂ o vĂ˛ng Äáťi phĂĄt triáťn cáť§a máťi	2026-07-04 07:01:47.564+00	2026-07-04 07:01:47.564+00	https://res.cloudinary.com/gaklspua/image/upload/v1/greenoli/xterm-tac-dong-vao-vong-doi-cua-moi?_a=BAMAAARk0	\N	xterm-tac-dong-vao-vong-doi-cua-moi.jpg	image/jpeg	473433	1200	1200	50	50
71	Wazary 10SC háť tráťŁ phĂ˛ng cháťng máťi cho cĂ´ng trĂŹnh xĂ˘y dáťąng	2026-07-04 07:01:49.09+00	2026-07-04 07:01:49.09+00	https://res.cloudinary.com/gaklspua/image/upload/v1/greenoli/wazary-10sc-bao-ve-cong-trinh-xay-dung?_a=BAMAAARk0	\N	wazary-10sc-bao-ve-cong-trinh-xay-dung.jpg	image/jpeg	922503	1125	1119	50	50
72	Wazary 10SC háť tráťŁ cháşˇn máťi ngay táťŤ giai ÄoáşĄn kháťi cĂ´ng cĂ´ng trĂŹnh	2026-07-04 07:01:51.284+00	2026-07-04 07:01:51.284+00	https://res.cloudinary.com/gaklspua/image/upload/v1/greenoli/wazary-10sc-chan-moi-khi-khoi-cong?_a=BAMAAARk0	\N	wazary-10sc-chan-moi-khi-khoi-cong.jpg	image/jpeg	1153556	1200	1200	50	50
73	Minh háťa nguy cĆĄ máťi táşĽn cĂ´ng cĂ´ng trĂŹnh vĂ  giáşŁi phĂĄp Wazary 10SC	2026-07-04 07:01:53.39+00	2026-07-04 07:01:53.39+00	https://res.cloudinary.com/gaklspua/image/upload/v1/greenoli/wazary-10sc-canh-bao-moi-tai-cong-trinh?_a=BAMAAARk0	\N	wazary-10sc-canh-bao-moi-tai-cong-trinh.jpg	image/jpeg	798819	1200	1200	50	50
74	ThĂ´ng tin váť Ć°u Äiáťm vĂ  cĂ´ng dáťĽng cáť§a cháşż pháşŠm SumiPro EW	2026-07-04 07:01:55.504+00	2026-07-04 07:01:55.504+00	https://res.cloudinary.com/gaklspua/image/upload/v1/greenoli/sumipro-ew-uu-diem-va-cong-dung?_a=BAMAAARk0	\N	sumipro-ew-uu-diem-va-cong-dung.jpg	image/jpeg	669334	900	900	50	50
75	Háť tháťng Xterm háť tráťŁ diáťt máťi an toĂ n vĂ  hiáťu quáşŁ trong khĂ´ng gian náťi tháşĽt	2026-07-04 07:01:57.53+00	2026-07-04 07:01:57.53+00	https://res.cloudinary.com/gaklspua/image/upload/v1/greenoli/xterm-diet-moi-an-toan-cho-khong-gian-noi-that?_a=BAMAAARk0	\N	xterm-diet-moi-an-toan-cho-khong-gian-noi-that.jp	image/jpeg	386590	900	900	50	50
76	SumiPro EW háť tráťŁ kiáťm soĂĄt muáťi táşĄi khu váťąc nhĂ  áť vĂ o ban ÄĂŞm	2026-07-04 07:01:59.437+00	2026-07-04 07:01:59.437+00	https://res.cloudinary.com/gaklspua/image/upload/v1/greenoli/sumipro-ew-kiem-soat-muoi-ban-dem?_a=BAMAAARk0	\N	sumipro-ew-kiem-soat-muoi-ban-dem.jpg	image/jpeg	1015518	1200	1200	50	50
77	Cháşż pháşŠm diáťt muáťi vĂ  ruáťi SumiPro EW 1 lĂ­t cáť§a Sumitomo Chemical	2026-07-04 07:02:02.978+00	2026-07-04 07:02:02.978+00	https://res.cloudinary.com/gaklspua/image/upload/v1/greenoli/sumipro-ew-1-lit?_a=BAMAAARk0	\N	sumipro-ew-1-lit.jpg	image/jpeg	119733	600	666	50	50
78	Cháşż pháşŠm diáťt muáťi, ruáťi, báť chĂŠt vĂ  ráťp giĆ°áťng Sumithrin 10SEC 1 lĂ­t	2026-07-04 07:02:04.292+00	2026-07-04 07:02:04.291+00	https://res.cloudinary.com/gaklspua/image/upload/v1/greenoli/sumithrin-10sec-1-lit?_a=BAMAAARk0	\N	sumithrin-10sec-1-lit.jpg	image/jpeg	142710	900	1000	50	50
79	SumiPro EW háť tráťŁ loáşĄi báť muáťi táşĄi khu váťąc chuáťng tráşĄi	2026-07-04 07:02:05.723+00	2026-07-04 07:02:05.723+00	https://res.cloudinary.com/gaklspua/image/upload/v1/greenoli/sumipro-ew-loai-bo-muoi-khoi-chuong-trai?_a=BAMAAARk0	\N	sumipro-ew-loai-bo-muoi-khoi-chuong-trai.jpg	image/jpeg	1557875	1200	1200	50	50
80	Minh háťa giáşŁi phĂĄp Xterm háť tráťŁ báşŁo váť nhĂ  áť vĂ  cĂ´ng trĂŹnh kháťi máťi	2026-07-04 07:02:13.425+00	2026-07-04 07:02:13.425+00	https://res.cloudinary.com/gaklspua/image/upload/v1/greenoli/xterm-giai-phap-diet-moi-cho-nha-o?_a=BAMAAARk0	\N	xterm-giai-phap-diet-moi-cho-nha-o.jpg	image/jpeg	920514	1200	1200	50	50
81	BáşŁ gel diáťt giĂĄn Optigard Cockroach cáť§a Syngenta	2026-07-04 07:05:34.764+00	2026-07-04 07:05:34.764+00	https://res.cloudinary.com/gaklspua/image/upload/v1/greenoli/optigard-cockroach-gel-diet-gian?_a=BAMAAARk0	\N	optigard-cockroach-gel-diet-gian.jpg	image/jpeg	63257	500	500	50	50
82	Gel diáťt kiáşżn Optigard AB 100 cáť§a Syngenta	2026-07-04 07:05:37.275+00	2026-07-04 07:05:37.275+00	https://res.cloudinary.com/gaklspua/image/upload/v1/greenoli/optigard-ab-100-gel-diet-kien?_a=BAMAAARk0	\N	optigard-ab-100-gel-diet-kien.jpg	image/jpeg	291791	720	1280	50	50
83	Gel diáťt kiáşżn Optigard AB 100 cáť§a Syngenta	2026-07-04 07:05:38.69+00	2026-07-04 07:05:38.69+00	https://res.cloudinary.com/gaklspua/image/upload/v1/greenoli/optigard-ab-100-gel-diet-kien-1?_a=BAMAAARk0	\N	optigard-ab-100-gel-diet-kien-1.jpg	image/jpeg	64670	500	500	50	50
84	Thuáťc tráťŤ chuáťt Klerat 0.005 Pellete gĂłi 50g cáť§a Syngenta	2026-07-04 07:06:37.117+00	2026-07-04 07:06:37.117+00	https://res.cloudinary.com/gaklspua/image/upload/v1/greenoli/klerat-0-005-pellete-goi-50g?_a=BAMAAARk0	\N	klerat-0-005-pellete-goi-50g.jpg	image/jpeg	86540	464	538	50	50
85	ViĂŞn báşŁ thuáťc tráťŤ chuáťt Klerat 0.005 Pellete mĂ u Äáť	2026-07-04 07:06:39.39+00	2026-07-04 07:06:39.39+00	https://res.cloudinary.com/gaklspua/image/upload/v1/greenoli/klerat-0-005-pellete-vien-do?_a=BAMAAARk0	\N	klerat-0-005-pellete-vien-do.jpg	image/jpeg	64948	510	348	50	50
86	Thuáťc tráťŤ chuáťt Klerat 0.005 Pellete gĂłi 50g cáť§a Syngenta trĂŞn náťn trong suáťt	2026-07-04 07:06:41.019+00	2026-07-04 07:06:41.019+00	https://res.cloudinary.com/gaklspua/image/upload/v1/greenoli/klerat-0-005-pellete-goi-50g-nen-trong?_a=BAMAAARk0	\N	klerat-0-005-pellete-goi-50g-nen-trong.webp	image/webp	125620	400	533	50	50
87	Thuáťc tráťŤ chuáťt Klerat 0.005 Pellete gĂłi 1kg cáť§a Syngenta	2026-07-04 07:06:42.316+00	2026-07-04 07:06:42.316+00	https://res.cloudinary.com/gaklspua/image/upload/v1/greenoli/klerat-0-005-pellete-goi-1kg?_a=BAMAAARk0	\N	klerat-0-005-pellete-goi-1kg.jpg	image/jpeg	84827	433	577	50	50
88	ThĂšng sáşŁn pháşŠm Imperator 50EC chai 100ml cáť§a Syngenta	2026-07-04 07:08:04.828+00	2026-07-04 07:08:04.828+00	https://res.cloudinary.com/gaklspua/image/upload/v1/greenoli/imperator-50ec-100ml-thung-hang?_a=BAMAAARk0	\N	imperator-50ec-100ml-thung-hang.jpg	image/jpeg	935174	1125	1500	50	50
89	CĂĄc quy cĂĄch Imperator 50EC 1 lĂ­t vĂ  100ml cáť§a Syngenta	2026-07-04 07:08:08.108+00	2026-07-04 07:08:08.108+00	https://res.cloudinary.com/gaklspua/image/upload/v1/greenoli/imperator-50ec-1-lit-va-100ml-thuc-te?_a=BAMAAARk0	\N	imperator-50ec-1-lit-va-100ml-thuc-te.jpg	image/webp	80304	400	533	50	50
90	Cháşż pháşŠm diáťt cĂ´n trĂšng Imperator 50EC 1 lĂ­t cáť§a Syngenta trĂŞn náťn trong suáťt	2026-07-04 07:08:09.706+00	2026-07-04 07:08:09.706+00	https://res.cloudinary.com/gaklspua/image/upload/v1/greenoli/imperator-50ec-1-lit-nen-trong?_a=BAMAAARk0	\N	imperator-50ec-1-lit-nen-trong.webp	image/webp	72570	400	533	50	50
91	Cháşż pháşŠm diáťt cĂ´n trĂšng Imperator 50EC 100ml cáť§a Syngenta trĂŞn náťn trong suáťt	2026-07-04 07:08:10.887+00	2026-07-04 07:08:10.887+00	https://res.cloudinary.com/gaklspua/image/upload/v1/greenoli/imperator-50ec-100ml-nen-trong?_a=BAMAAARk0	\N	imperator-50ec-100ml-nen-trong.webp	image/jpeg	36657	577	433	50	50
92	Hai quy cĂĄch Imperator 50EC 1 lĂ­t vĂ  100ml cáť§a Syngenta	2026-07-04 07:08:12.535+00	2026-07-04 07:08:12.535+00	https://res.cloudinary.com/gaklspua/image/upload/v1/greenoli/imperator-50ec-1-lit-va-100ml?_a=BAMAAARk0	\N	imperator-50ec-1-lit-va-100ml.jpg	image/jpeg	87083	343	842	50	50
93	Cháşż pháşŠm diáťt cĂ´n trĂšng Imperator 50EC 1 lĂ­t cáť§a Syngenta	2026-07-04 07:08:13.878+00	2026-07-04 07:08:13.877+00	https://res.cloudinary.com/gaklspua/image/upload/v1/greenoli/imperator-50ec-1-lit?_a=BAMAAARk0	\N	imperator-50ec-1-lit.jpg	image/jpeg	316175	960	1280	50	50
94	Cháşż pháşŠm diáťt cĂ´n trĂšng Icon 10CS 62,5ml cáť§a Syngenta	2026-07-04 07:10:33.557+00	2026-07-04 07:10:33.557+00	https://res.cloudinary.com/gaklspua/image/upload/v1/greenoli/icon-10cs-62-5ml?_a=BAMAAARk0	\N	icon-10cs-62-5ml.jpg	image/jpeg	68619	375	666	50	50
95	Cháşż pháşŠm diáťt cĂ´n trĂšng Icon 2.5CS 1 lĂ­t cáť§a Syngenta	2026-07-04 07:10:35.524+00	2026-07-04 07:10:35.523+00	https://res.cloudinary.com/gaklspua/image/upload/v1/greenoli/icon-2-5cs-1-lit?_a=BAMAAARk0	\N	icon-2-5cs-1-lit.jpg	image/jpeg	37997	452	552	50	50
96	Cháşż pháşŠm diáťt cĂ´n trĂšng Icon 2.5EW 250ml cáť§a Syngenta	2026-07-04 07:10:36.861+00	2026-07-04 07:10:36.86+00	https://res.cloudinary.com/gaklspua/image/upload/v1/greenoli/icon-2-5ew-250ml?_a=BAMAAARk0	\N	icon-2-5ew-250ml.jpg	image/jpeg	20339	196	349	50	50
97	Nhiáťu chai cháşż pháşŠm diáťt cĂ´n trĂšng Icon 2.5CS 1 lĂ­t cáť§a Syngenta	2026-07-04 07:10:38.139+00	2026-07-04 07:10:38.138+00	https://res.cloudinary.com/gaklspua/image/upload/v1/greenoli/icon-2-5cs-1-lit-nhieu-chai?_a=BAMAAARk0	\N	icon-2-5cs-1-lit-nhieu-chai.jpg	image/jpeg	82708	492	512	50	50
98	Hai chai cháşż pháşŠm diáťt cĂ´n trĂšng Icon 2.5EW 250ml cáť§a Syngenta	2026-07-04 07:10:39.612+00	2026-07-04 07:10:39.611+00	https://res.cloudinary.com/gaklspua/image/upload/v1/greenoli/icon-2-5ew-250ml-hai-chai?_a=BAMAAARk0	\N	icon-2-5ew-250ml-hai-chai.jpg	image/jpeg	1063887	1161	1500	50	50
99	Háťp sáşŁn pháşŠm Icon 10CS 62,5ml cáť§a Syngenta	2026-07-04 07:10:41.745+00	2026-07-04 07:10:41.745+00	https://res.cloudinary.com/gaklspua/image/upload/v1/greenoli/icon-10cs-62-5ml-hop-san-pham?_a=BAMAAARk0	\N	icon-10cs-62-5ml-hop-san-pham.jpg	image/jpeg	214177	800	800	50	50
100	Cháşż pháşŠm diáťt cĂ´n trĂšng Icon 10CS 1 lĂ­t cáť§a Syngenta	2026-07-04 07:10:43.409+00	2026-07-04 07:10:43.409+00	https://res.cloudinary.com/gaklspua/image/upload/v1/greenoli/icon-10cs-1-lit?_a=BAMAAARk0	\N	icon-10cs-1-lit.jpg	image/webp	94970	1170	1203	50	50
101	CĂĄc chai Icon 2.5EW 250ml cáť§a Syngenta ÄĆ°áťŁc xáşżp cháťng	2026-07-04 07:10:45.868+00	2026-07-04 07:10:45.867+00	https://res.cloudinary.com/gaklspua/image/upload/v1/greenoli/icon-2-5ew-250ml-xep-chong?_a=BAMAAARk0	\N	icon-2-5ew-250ml-xep-chong.jpg	image/jpeg	798717	1442	2560	50	50
102	SáşŁn pháşŠm Icon 2.5EW 250ml cáť§a Syngenta cĂšng thĂšng hĂ ng	2026-07-04 07:10:47.058+00	2026-07-04 07:10:47.058+00	https://res.cloudinary.com/gaklspua/image/upload/v1/greenoli/icon-2-5ew-250ml-thung-hang?_a=BAMAAARk0	\N	icon-2-5ew-250ml-thung-hang.jpg	image/jpeg	724538	1442	2560	50	50
103	Ba chai cháşż pháşŠm diáťt cĂ´n trĂšng Icon 2.5EW 250ml cáť§a Syngenta	2026-07-04 07:10:48.475+00	2026-07-04 07:10:48.474+00	https://res.cloudinary.com/gaklspua/image/upload/v1/greenoli/icon-2-5ew-250ml-ba-chai?_a=BAMAAARk0	\N	icon-2-5ew-250ml-ba-chai.jpg	image/jpeg	612279	2560	1442	50	50
104	Cháşż pháşŠm diáťt cĂ´n trĂšng Icon 10CS 1 lĂ­t cáť§a Syngenta trĂŞn náťn tráşŻng	2026-07-04 07:10:50.695+00	2026-07-04 07:10:50.695+00	https://res.cloudinary.com/gaklspua/image/upload/v1/greenoli/icon-10cs-1-lit-nen-trang?_a=BAMAAARk0	\N	icon-10cs-1-lit-nen-trang.jpg	image/jpeg	60059	375	666	50	50
105	Báťt xáť­ lĂ˝ giĂĄn vĂ  ráťp giĆ°áťng Diathor Flowable 500g cáť§a Ensystex	2026-07-04 07:58:04.065+00	2026-07-04 07:58:04.065+00	https://res.cloudinary.com/gaklspua/image/upload/v1/greenoli/diathor-flowable-500g?_a=BAMAAARk0	\N	diathor-flowable-500g.jpg	image/jpeg	948064	1280	1280	50	50
106	Báť dáťĽng cáťĽ phun báťt Diathor Flowable vĂ o khe háť vĂ  váť trĂ­ khĂł tiáşżp cáş­n	2026-07-04 07:58:07.373+00	2026-07-04 07:58:07.373+00	https://res.cloudinary.com/gaklspua/image/upload/v1/greenoli/dung-cu-phun-bot-diathor-flowable?_a=BAMAAARk0	\N	dung-cu-phun-bot-diathor-flowable.jpg	image/jpeg	299651	1165	1139	50	50
107	Thuáťc diáťt cĂ´n trĂšng Bithor Dual Action Insecticide 1 lĂ­t cáť§a Ensystex	2026-07-04 07:58:08.455+00	2026-07-04 07:58:08.455+00	https://res.cloudinary.com/gaklspua/image/upload/v1/greenoli/bithor-dual-action-insecticide-1-lit?_a=BAMAAARk0	\N	bithor-dual-action-insecticide-1-lit.jpg	image/jpeg	149860	600	856	50	50
108	Thuáťc diáťt cĂ´n trĂšng Permethor Shield Liquid Insecticide 1 lĂ­t cáť§a Ensystex	2026-07-04 07:58:09.555+00	2026-07-04 07:58:09.555+00	https://res.cloudinary.com/gaklspua/image/upload/v1/greenoli/permethor-shield-liquid-insecticide-1-lit-1?_a=BAMAAARk0	\N	permethor-shield-liquid-insecticide-1-lit-1.jpg	image/jpeg	351059	500	952	50	50
109	BáşŁ gel diáťt giĂĄn Zenithor Gel Cockroach Bait 120g cáť§a Ensystex	2026-07-04 07:58:10.763+00	2026-07-04 07:58:10.763+00	https://res.cloudinary.com/gaklspua/image/upload/v1/greenoli/zenithor-gel-cockroach-bait-120g?_a=BAMAAARk0	\N	zenithor-gel-cockroach-bait-120g.jpg	image/jpeg	162430	600	427	50	50
110	Cháşż pháşŠm diáťt cĂ´n trĂšng Maxxthor 100 1 lĂ­t cáť§a Ensystex	2026-07-04 07:58:11.933+00	2026-07-04 07:58:11.933+00	https://res.cloudinary.com/gaklspua/image/upload/v1/greenoli/maxxthor-100-insecticide-1-lit?_a=BAMAAARk0	\N	maxxthor-100-insecticide-1-lit.jpg	image/jpeg	269522	465	1024	50	50
111	Thuáťc diáťt cĂ´n trĂšng dáşĄng khĂłi Fumithor Delta Smoke Generator 40g cáť§a Ensystex	2026-07-04 07:58:13.065+00	2026-07-04 07:58:13.065+00	https://res.cloudinary.com/gaklspua/image/upload/v1/greenoli/fumithor-delta-smoke-generator-40g?_a=BAMAAARk0	\N	fumithor-delta-smoke-generator-40g.jpg	image/jpeg	270851	600	726	50	50
112	Dung dáťch Ecothor Active Nature xua Äuáťi ráşŻn vĂ  bĂ˛ sĂĄt 1 lĂ­t cáť§a Ensystex	2026-07-04 07:58:14.358+00	2026-07-04 07:58:14.358+00	https://res.cloudinary.com/gaklspua/image/upload/v1/greenoli/ecothor-active-nature-xua-duoi-ran-1-lit?_a=BAMAAARk0	\N	ecothor-active-nature-xua-duoi-ran-1-lit.jpg	image/jpeg	105604	600	800	50	50
113	HáşĄt xua Äuáťi ráşŻn vĂ  bĂ˛ sĂĄt Ecothor Nature-Cide Granular X2 thĂšng 9kg	2026-07-04 07:58:15.857+00	2026-07-04 07:58:15.856+00	https://res.cloudinary.com/gaklspua/image/upload/v1/greenoli/ecothor-nature-cide-granular-x2-9kg?_a=BAMAAARk0	\N	ecothor-nature-cide-granular-x2-9kg.png	image/png	385517	638	752	50	50
114	Máşˇt sau chai Ecothor Nature-Cide X2 Plus xua Äuáťi ráşŻn vĂ  tháşąn láşąn 1,89 lĂ­t	2026-07-04 07:58:16.925+00	2026-07-04 07:58:16.925+00	https://res.cloudinary.com/gaklspua/image/upload/v1/greenoli/ecothor-nature-cide-x2-plus-1-89-lit-mat-sau?_a=BAMAAARk0	\N	ecothor-nature-cide-x2-plus-1-89-lit-mat-sau.png	image/png	387276	592	884	50	50
115	Dung dáťch Ecothor Nature-Cide X2 Plus xua Äuáťi ráşŻn vĂ  tháşąn láşąn 1,89 lĂ­t	2026-07-04 07:58:18.339+00	2026-07-04 07:58:18.338+00	https://res.cloudinary.com/gaklspua/image/upload/v1/greenoli/ecothor-nature-cide-x2-plus-1-89-lit?_a=BAMAAARk0	\N	ecothor-nature-cide-x2-plus-1-89-lit.png	image/png	382017	592	884	50	50
116	BáşŁ diáťt máťi Requiem 1RB cáť§a Ensystex kĂ¨m háťp vĂ  gĂłi máťi	2026-07-04 07:58:20.24+00	2026-07-04 07:58:20.24+00	https://res.cloudinary.com/gaklspua/image/upload/v1/greenoli/requiem-1rb-ba-diet-moi?_a=BAMAAARk0	\N	requiem-1rb-ba-diet-moi.jpg	image/jpeg	160495	768	406	50	50
117	GĂłi cháşż pháşŠm diáťt ruáťi Topfly 10WG	2026-07-04 07:58:21.253+00	2026-07-04 07:58:21.253+00	https://res.cloudinary.com/gaklspua/image/upload/v1/greenoli/topfly-10wg-ba-diet-ruoi-goi?_a=BAMAAARk0	\N	topfly-10wg-ba-diet-ruoi-goi.jpg	image/jpeg	1053735	2554	2062	50	50
118	Háťp vĂ  tuĂ˝p gel diáťt giĂĄn Blattanex Cockroach Gel 12g cáť§a Envu	2026-07-04 07:58:23.299+00	2026-07-04 07:58:23.299+00	https://res.cloudinary.com/gaklspua/image/upload/v1/greenoli/blattanex-cockroach-gel-12g-hop-san-pham?_a=BAMAAARk0	\N	blattanex-cockroach-gel-12g-hop-san-pham.jpg	image/jpeg	653390	1920	2560	50	50
119	BáşŁ gel diáťt giĂĄn Advion Cockroach Gel Bait cáť§a Syngenta	2026-07-04 07:58:25.349+00	2026-07-04 07:58:25.349+00	https://res.cloudinary.com/gaklspua/image/upload/v1/greenoli/advion-cockroach-gel-bait?_a=BAMAAARk0	\N	advion-cockroach-gel-bait.jpg	image/jpeg	83758	549	454	50	50
120	BáşŁ gel diáťt giĂĄn Advion Cockroach Gel Bait cáť§a Syngenta	2026-07-04 07:58:26.563+00	2026-07-04 07:58:26.563+00	https://res.cloudinary.com/gaklspua/image/upload/v1/greenoli/advion-cockroach-gel-bait-2?_a=BAMAAARk0	\N	advion-cockroach-gel-bait-2.jpg	image/jpeg	83758	549	454	50	50
121	Thuáťc diáťt cĂ´n trĂšng Arilon Insecticide 200g cáť§a Syngenta	2026-07-04 07:58:27.795+00	2026-07-04 07:58:27.794+00	https://res.cloudinary.com/gaklspua/image/upload/v1/greenoli/arilon-insecticide-200g?_a=BAMAAARk0	\N	arilon-insecticide-200g.jpg	image/jpeg	54287	433	577	50	50
122	Táťng háťŁp cĂĄc sáşŁn pháşŠm kiáťm soĂĄt cĂ´n trĂšng vĂ  diáťt chuáťt cáť§a Syngenta	2026-07-04 07:58:29.778+00	2026-07-04 07:58:29.777+00	https://res.cloudinary.com/gaklspua/image/upload/v1/greenoli/san-pham-diet-con-trung-syngenta-tong-hop?_a=BAMAAARk0	\N	san-pham-diet-con-trung-syngenta-tong-hop.jpg	image/jpeg	487784	1833	995	50	50
123	Cháşż pháşŠm Abate 1SG diáťt báť gáş­y vĂ  lÄng quÄng muáťi trong gia dáťĽng vĂ  y táşż	2026-07-04 08:00:06.646+00	2026-07-04 08:00:06.646+00	https://res.cloudinary.com/gaklspua/image/upload/v1/greenoli/abate-1sg-diet-bo-gay-muoi?_a=BAMAAARk0	\N	abate-1sg-diet-bo-gay-muoi.png	image/png	1085618	1047	1503	50	50
124	GĂłi cháşż pháşŠm diáťt cĂ´n trĂšng Fendona 10SC 5ml cáť§a BASF	2026-07-04 08:00:10.173+00	2026-07-04 08:00:10.173+00	https://res.cloudinary.com/gaklspua/image/upload/v1/greenoli/fendona-10sc-goi-5ml?_a=BAMAAARk0	\N	fendona-10sc-goi-5ml.png	image/png	3468026	1500	2000	50	50
125	Chai cháşż pháşŠm diáťt muáťi, giĂĄn, kiáşżn, ruáťi vĂ  báť chĂŠt Fendona 10SC cáť§a BASF	2026-07-04 08:00:12.139+00	2026-07-04 08:00:12.139+00	https://res.cloudinary.com/gaklspua/image/upload/v1/greenoli/fendona-10sc-chai?_a=BAMAAARk0	\N	fendona-10sc-chai.png	image/png	1720864	1500	2000	50	50
126	Gel diáťt kiáşżn Maxforce Quantum 0.03% 12g cáť§a Envu	2026-07-04 08:00:13.764+00	2026-07-04 08:00:13.764+00	https://res.cloudinary.com/gaklspua/image/upload/v1/greenoli/maxforce-quantum-0-03-gel-diet-kien?_a=BAMAAARk0	\N	maxforce-quantum-0-03-gel-diet-kien.jpg	image/jpeg	103080	1280	720	50	50
127	Thuáťc diáťt chuáťt Storm 0.005% Block Bait gĂłi 20 viĂŞn cáť§a BASF	2026-07-04 08:00:14.976+00	2026-07-04 08:00:14.976+00	https://res.cloudinary.com/gaklspua/image/upload/v1/greenoli/storm-0-005-block-bait-20-vien?_a=BAMAAARk0	\N	storm-0-005-block-bait-20-vien.png	image/png	1433190	869	1159	50	50
128	Tenopa 100ml	2026-07-04 08:01:18.268+00	2026-07-04 08:01:18.268+00	https://res.cloudinary.com/gaklspua/image/upload/v1/greenoli/Tenopa100ml?_a=BAMAAARk0	\N	Tenopa100ml.png	image/png	1121912	1500	2000	50	50
129	Mythic1L	2026-07-04 08:01:22.428+00	2026-07-04 08:01:22.428+00	https://res.cloudinary.com/gaklspua/image/upload/v1/greenoli/Mythic1L?_a=BAMAAARk0	\N	Mythic1L.png	image/png	2764617	1228	2646	50	50
130	SecliraGel	2026-07-04 08:01:27.488+00	2026-07-04 08:01:27.488+00	https://res.cloudinary.com/gaklspua/image/upload/v1/greenoli/SecliraGel?_a=BAMAAARk0	\N	SecliraGel.png	image/png	390454	1683	1339	50	50
131	Tenopa 1L	2026-07-04 08:01:29.681+00	2026-07-04 08:01:29.681+00	https://res.cloudinary.com/gaklspua/image/upload/v1/greenoli/Tenopa1L?_a=BAMAAARk0	\N	Tenopa1L.png	image/png	448327	725	1424	50	50
132	Mythic100ml 	2026-07-04 08:01:32.843+00	2026-07-04 08:01:32.843+00	https://res.cloudinary.com/gaklspua/image/upload/v1/greenoli/Mythic100ml?_a=BAMAAARk0	\N	Mythic100ml.png	image/png	894276	1500	2000	50	50
2	PhĂ˘n BĂłn LĂĄ	2026-07-06 04:39:54.494+00	2026-07-03 09:03:09.114+00	https://res.cloudinary.com/gaklspua/image/upload/v1/greenoli/STMED-Permethrin-50EC?_a=BAMAAARk0	\N	STMED-Permethrin-50EC.jpg	image/jpeg	3829	225	225	50	50
133	STMED Permethrin 50EC	2026-07-06 04:41:01.471+00	2026-07-06 04:41:01.471+00	https://res.cloudinary.com/gaklspua/image/upload/v1/greenoli/STMED-Permethrin-50EC-1?_a=BAMAAARk0	\N	STMED-Permethrin-50EC-1.jpg	image/jpeg	3829	225	225	50	50
134	racumin diáťt chuáťt	2026-07-06 05:08:07.02+00	2026-07-06 05:08:07.02+00	https://res.cloudinary.com/gaklspua/image/upload/v1/greenoli/racumin?_a=BAMAAARk0	\N	racumin.jpg	image/jpeg	13780	447	447	50	50
135	Nyguard 1lĂ­t	2026-07-06 05:25:23.184+00	2026-07-06 05:25:23.184+00	https://res.cloudinary.com/gaklspua/image/upload/v1/greenoli/Nyguard?_a=BAMAAARk0	\N	Nyguard.jpg	image/jpeg	33986	568	566	50	50
136	fludora	2026-07-06 05:35:22.639+00	2026-07-06 05:35:22.639+00	https://res.cloudinary.com/gaklspua/image/upload/v1/greenoli/fludora?_a=BAMAAARk0	\N	fludora.jpg	image/jpeg	25350	554	554	50	50
137	Thuáťc Diáťt Muáťi, Ruáťi & CĂ´n TrĂšng Bay	2026-07-06 06:27:45.741+00	2026-07-06 06:27:45.74+00	https://res.cloudinary.com/gaklspua/image/upload/v1/greenoli/cat_muoi?_a=BAMAPqRk0	\N	cat_muoi.png	image/png	710261	1024	1024	50	50
139	Thuáťc Diáťt Kiáşżn	2026-07-06 06:27:57.163+00	2026-07-06 06:27:57.163+00	https://res.cloudinary.com/gaklspua/image/upload/v1/greenoli/cat_kien?_a=BAMAPqRk0	\N	cat_kien.png	image/png	1052930	1024	1024	50	50
140	Thuáťc Diáťt Máťi	2026-07-06 06:27:59.761+00	2026-07-06 06:27:59.761+00	https://res.cloudinary.com/gaklspua/image/upload/v1/greenoli/cat_moi?_a=BAMAPqRk0	\N	cat_moi.png	image/png	1071392	1024	1024	50	50
141	Thuáťc Diáťt Chuáťt	2026-07-06 06:28:01.612+00	2026-07-06 06:28:01.612+00	https://res.cloudinary.com/gaklspua/image/upload/v1/greenoli/cat_chuot?_a=BAMAPqRk0	\N	cat_chuot.png	image/png	686067	1024	1024	50	50
142	Kiáťm SoĂĄt CĂ´n TrĂšng ChuyĂŞn DáťĽng	2026-07-06 06:28:03.144+00	2026-07-06 06:28:03.144+00	https://res.cloudinary.com/gaklspua/image/upload/v1/greenoli/cat_chuyen_dung?_a=BAMAPqRk0	\N	cat_chuyen_dung.png	image/png	779732	1024	1024	50	50
143	Xua Äuáťi RáşŻn & BĂ˛ SĂĄt	2026-07-06 06:28:04.585+00	2026-07-06 06:28:04.585+00	https://res.cloudinary.com/gaklspua/image/upload/v1/greenoli/cat_ran?_a=BAMAPqRk0	\N	cat_ran.png	image/png	1222209	1024	1024	50	50
144	DáťĽng CáťĽ Xáť­ LĂ˝ CĂ´n TrĂšng	2026-07-06 06:28:06.53+00	2026-07-06 06:28:06.53+00	https://res.cloudinary.com/gaklspua/image/upload/v1/greenoli/cat_dung_cu?_a=BAMAPqRk0	\N	cat_dung_cu.png	image/png	705681	1024	1024	50	50
145	Diáťt GiĂĄn & CĂ´n TrĂšng	2026-07-06 06:41:48.474+00	2026-07-06 06:41:48.473+00	https://res.cloudinary.com/gaklspua/image/upload/v1/greenoli/srv_gian?_a=BAMAPqRk0	\N	srv_gian.png	image/png	748453	1024	1024	50	50
146	Váť Sinh CĂ´ng Nghiáťp	2026-07-06 06:41:57.658+00	2026-07-06 06:41:57.658+00	https://res.cloudinary.com/gaklspua/image/upload/v1/greenoli/srv_vesinh?_a=BAMAPqRk0	\N	srv_vesinh.png	image/png	899320	1024	1024	50	50
147	Thuáťc Diáťt Muáťi, Ruáťi & CĂ´n TrĂšng Bay	2026-07-06 07:37:07.669+00	2026-07-06 07:37:07.668+00	https://res.cloudinary.com/gaklspua/image/upload/v1/greenoli/cat_muoi-1?_a=BAMAPqRk0	\N	cat_muoi-1.png	image/png	710261	1024	1024	50	50
148	Thuáťc Diáťt GiĂĄn	2026-07-06 07:37:16.585+00	2026-07-06 07:37:16.585+00	https://res.cloudinary.com/gaklspua/image/upload/v1/greenoli/cat_gian-1?_a=BAMAPqRk0	\N	cat_gian-1.png	image/png	562825	1024	1024	50	50
149	Thuáťc Diáťt Kiáşżn	2026-07-06 07:37:19.681+00	2026-07-06 07:37:19.681+00	https://res.cloudinary.com/gaklspua/image/upload/v1/greenoli/cat_kien-1?_a=BAMAPqRk0	\N	cat_kien-1.png	image/png	1052930	1024	1024	50	50
150	Thuáťc Diáťt Máťi	2026-07-06 07:37:22.6+00	2026-07-06 07:37:22.6+00	https://res.cloudinary.com/gaklspua/image/upload/v1/greenoli/cat_moi-1?_a=BAMAPqRk0	\N	cat_moi-1.png	image/png	1071392	1024	1024	50	50
151	Thuáťc Diáťt Chuáťt	2026-07-06 07:37:24.982+00	2026-07-06 07:37:24.982+00	https://res.cloudinary.com/gaklspua/image/upload/v1/greenoli/cat_chuot-1?_a=BAMAPqRk0	\N	cat_chuot-1.png	image/png	686067	1024	1024	50	50
152	Kiáťm SoĂĄt CĂ´n TrĂšng ChuyĂŞn DáťĽng	2026-07-06 07:37:26.908+00	2026-07-06 07:37:26.908+00	https://res.cloudinary.com/gaklspua/image/upload/v1/greenoli/cat_chuyen_dung-1?_a=BAMAPqRk0	\N	cat_chuyen_dung-1.png	image/png	779732	1024	1024	50	50
153	Xua Äuáťi RáşŻn & BĂ˛ SĂĄt	2026-07-06 07:37:28.918+00	2026-07-06 07:37:28.918+00	https://res.cloudinary.com/gaklspua/image/upload/v1/greenoli/cat_ran-1?_a=BAMAPqRk0	\N	cat_ran-1.png	image/png	1222209	1024	1024	50	50
154	DáťĽng CáťĽ Xáť­ LĂ˝ CĂ´n TrĂšng	2026-07-06 07:37:31.146+00	2026-07-06 07:37:31.146+00	https://res.cloudinary.com/gaklspua/image/upload/v1/greenoli/cat_dung_cu-1?_a=BAMAPqRk0	\N	cat_dung_cu-1.png	image/png	705681	1024	1024	50	50
155	Diáťt GiĂĄn & CĂ´n TrĂšng	2026-07-06 07:37:45.778+00	2026-07-06 07:37:45.777+00	https://res.cloudinary.com/gaklspua/image/upload/v1/greenoli/srv_gian-1?_a=BAMAPqRk0	\N	srv_gian-1.png	image/png	748453	1024	1024	50	50
156	Váť Sinh CĂ´ng Nghiáťp	2026-07-06 07:37:54.922+00	2026-07-06 07:37:54.922+00	https://res.cloudinary.com/gaklspua/image/upload/v1/greenoli/srv_vesinh-1?_a=BAMAPqRk0	\N	srv_vesinh-1.png	image/png	899320	1024	1024	50	50
157	Dung-cu-phun-diathor	2026-07-09 10:14:50.235+00	2026-07-09 10:14:50.233+00	https://res.cloudinary.com/gaklspua/image/upload/v1/greenoli/DiathorThrowable?_a=BAMABkcg0	\N	DiathorThrowable.jpg	image/jpeg	4933	227	222	50	50
158	seclira-gel-01	2026-07-09 10:21:05.695+00	2026-07-09 10:21:05.694+00	https://res.cloudinary.com/gaklspua/image/upload/v1/greenoli/seclira-gel1?_a=BAMABkcg0	\N	seclira-gel1.jpg	image/jpeg	257008	960	1280	50	50
159	seclira-gel-02	2026-07-09 10:21:09.486+00	2026-07-09 10:21:09.486+00	https://res.cloudinary.com/gaklspua/image/upload/v1/greenoli/seclira-gel2?_a=BAMABkcg0	\N	seclira-gel2.jpg	image/jpeg	298341	720	1280	50	50
160	seclira-gel03.jpg	2026-07-09 10:21:13.355+00	2026-07-09 10:21:13.355+00	https://res.cloudinary.com/gaklspua/image/upload/v1/greenoli/seclira-gel3?_a=BAMABkcg0	\N	seclira-gel3.jpg	image/jpeg	306700	960	1280	50	50
161	Aqua Resigen 10.4EW - 1 lĂ­t	2026-07-09 10:39:59.028+00	2026-07-09 10:39:59.028+00	https://res.cloudinary.com/gaklspua/image/upload/v1/greenoli/Aqua%20Resigen%2010.4EW%20-%201%20l%C3%ADt?_a=BAMABkcg0	\N	Aqua Resigen 10.4EW - 1 lĂ­t.jpg	image/jpeg	551408	1152	2048	50	50
162	Aqua Resigen 10.4EW - 1 lĂ­t	2026-07-09 10:40:02.833+00	2026-07-09 10:40:02.832+00	https://res.cloudinary.com/gaklspua/image/upload/v1/greenoli/Aqua%20Resigen%2010.4EW%20-%201%20l%C3%ADt-02?_a=BAMABkcg0	\N	Aqua Resigen 10.4EW - 1 lĂ­t-02.jpg	image/jpeg	438573	1920	2560	50	50
163	logoBASF	2026-07-10 07:22:46.989+00	2026-07-10 07:22:46.989+00	https://res.cloudinary.com/gaklspua/image/upload/v1/greenoli/logoBASF-removebg-preview?_a=BAMABkcg0	\N	logoBASF-removebg-preview.png	image/png	58272	632	316	50	50
164	logoEnsystex	2026-07-10 07:23:28.906+00	2026-07-10 07:23:28.906+00	https://res.cloudinary.com/gaklspua/image/upload/v1/greenoli/logoEnsystex?_a=BAMABkcg0	\N	logoEnsystex.png	image/png	50101	1530	280	50	50
165	logoSyngenta	2026-07-10 07:24:19.564+00	2026-07-10 07:24:19.564+00	https://res.cloudinary.com/gaklspua/image/upload/v1/greenoli/logoSyngenta-removebg-preview?_a=BAMABkcg0	\N	logoSyngenta-removebg-preview.png	image/png	74522	494	505	50	50
166	logoSumimoto	2026-07-10 07:25:04.273+00	2026-07-10 07:25:04.273+00	https://res.cloudinary.com/gaklspua/image/upload/v1/greenoli/logoSumimoto-removebg-preview?_a=BAMABkcg0	\N	logoSumimoto-removebg-preview.png	image/png	56501	840	145	50	50
167	Logo_Envu_R_Gradient_RGB	2026-07-10 07:25:40.663+00	2026-07-10 07:25:40.663+00	https://res.cloudinary.com/gaklspua/image/upload/v1/greenoli/Logo_Envu_R_Gradient_RGB-with%20space?_a=BAMABkcg0	\N	Logo_Envu_R_Gradient_RGB-with space.png	image/png	52484	1269	777	50	50
\.


--
-- Data for Name: partners; Type: TABLE DATA; Schema: public; Owner: neondb_owner
--

COPY public.partners (id, name, logo_id, url, updated_at, created_at) FROM stdin;
1	Sumitomo Chemical	47	\N	2026-07-03 09:04:19.901+00	2026-07-03 09:04:19.901+00
2	Bayer CropScience	48	\N	2026-07-03 09:04:21.298+00	2026-07-03 09:04:21.298+00
3	Syngenta	49	\N	2026-07-03 09:04:22.81+00	2026-07-03 09:04:22.81+00
4	BASF	50	\N	2026-07-03 09:04:24.39+00	2026-07-03 09:04:24.39+00
5	Dow AgroSciences	51	\N	2026-07-03 09:04:25.93+00	2026-07-03 09:04:25.93+00
6	FMC	52	\N	2026-07-03 09:04:27.228+00	2026-07-03 09:04:27.228+00
7	Corteva	53	\N	2026-07-03 09:04:28.758+00	2026-07-03 09:04:28.758+00
8	Nufarm	54	\N	2026-07-03 09:04:30.494+00	2026-07-03 09:04:30.494+00
\.


--
-- Data for Name: payload_kv; Type: TABLE DATA; Schema: public; Owner: neondb_owner
--

COPY public.payload_kv (id, key, data) FROM stdin;
\.


--
-- Data for Name: payload_locked_documents; Type: TABLE DATA; Schema: public; Owner: neondb_owner
--

COPY public.payload_locked_documents (id, global_slug, updated_at, created_at) FROM stdin;
59	\N	2026-07-09 10:42:18.097+00	2026-07-09 10:42:18.097+00
60	\N	2026-07-09 10:43:27.192+00	2026-07-09 10:43:27.191+00
61	\N	2026-07-09 10:43:30.464+00	2026-07-09 10:43:30.463+00
73	\N	2026-07-10 07:25:09.132+00	2026-07-10 07:25:09.132+00
\.


--
-- Data for Name: payload_locked_documents_rels; Type: TABLE DATA; Schema: public; Owner: neondb_owner
--

COPY public.payload_locked_documents_rels (id, "order", parent_id, path, users_id, media_id, categories_id, products_id, articles_id, services_id, partners_id, gallery_id, leads_id, brands_id) FROM stdin;
117	\N	59	document	\N	\N	\N	14	\N	\N	\N	\N	\N	\N
118	\N	59	user	1	\N	\N	\N	\N	\N	\N	\N	\N	\N
119	\N	60	document	\N	\N	\N	30	\N	\N	\N	\N	\N	\N
120	\N	60	user	1	\N	\N	\N	\N	\N	\N	\N	\N	\N
121	\N	61	document	\N	\N	\N	29	\N	\N	\N	\N	\N	\N
122	\N	61	user	1	\N	\N	\N	\N	\N	\N	\N	\N	\N
145	\N	73	document	\N	\N	\N	\N	\N	\N	\N	\N	\N	3
146	\N	73	user	1	\N	\N	\N	\N	\N	\N	\N	\N	\N
\.


--
-- Data for Name: payload_migrations; Type: TABLE DATA; Schema: public; Owner: neondb_owner
--

COPY public.payload_migrations (id, name, batch, updated_at, created_at) FROM stdin;
1	20260703_035613_initial	1	2026-07-03 04:38:00.361+00	2026-07-03 04:38:00.361+00
3	20260703_080826_phase02_collections	2	2026-07-03 08:11:09.324+00	2026-07-03 08:11:09.324+00
2	dev	-1	2026-07-13 04:22:06.708+00	2026-07-03 04:49:27.35+00
\.


--
-- Data for Name: payload_preferences; Type: TABLE DATA; Schema: public; Owner: neondb_owner
--

COPY public.payload_preferences (id, key, value, updated_at, created_at) FROM stdin;
4	collection-partners	{}	2026-07-03 13:23:41.66+00	2026-07-03 13:23:41.66+00
5	collection-gallery	{}	2026-07-03 13:23:42.997+00	2026-07-03 13:23:42.997+00
1	collection-users	{"limit": 10}	2026-07-03 13:26:14.357+00	2026-07-03 13:23:04.107+00
9	collection-articles	{"limit": 10}	2026-07-03 13:37:41.967+00	2026-07-03 13:37:41.967+00
10	collection-services	{}	2026-07-04 05:46:27.379+00	2026-07-04 05:46:27.379+00
8	collection-articles	{"limit": 10, "editViewType": "default"}	2026-07-04 05:47:27.625+00	2026-07-03 13:29:10.661+00
6	collection-leads	{"limit": 10, "editViewType": "default"}	2026-07-04 05:48:55.493+00	2026-07-03 13:23:51.896+00
7	collection-categories	{"limit": 10, "editViewType": "default"}	2026-07-04 08:02:48.48+00	2026-07-03 13:29:05.391+00
11	nav	{"open": false}	2026-07-06 07:54:23.774+00	2026-07-06 07:54:23.893+00
12	collection-brands	{"limit": 10}	2026-07-08 13:47:44.769+00	2026-07-08 13:31:09.999+00
3	collection-products	{"sort": "category", "limit": 50, "columns": [{"active": true, "accessor": "name"}, {"active": true, "accessor": "slug"}, {"active": true, "accessor": "category"}, {"active": false, "accessor": "id"}, {"active": true, "accessor": "brand"}, {"active": false, "accessor": "shortDescription"}, {"active": false, "accessor": "longDescription"}, {"active": false, "accessor": "heroImage"}, {"active": false, "accessor": "galleryImages"}, {"active": false, "accessor": "specs"}, {"active": false, "accessor": "composition"}, {"active": false, "accessor": "usage"}, {"active": false, "accessor": "warning"}, {"active": false, "accessor": "packaging"}, {"active": false, "accessor": "certifications"}, {"active": false, "accessor": "tags"}, {"active": false, "accessor": "updatedAt"}, {"active": false, "accessor": "createdAt"}], "editViewType": "default"}	2026-07-09 10:06:34.831+00	2026-07-03 13:23:27.282+00
2	collection-media	{"limit": 25, "columns": [{"active": true, "accessor": "filename"}, {"active": true, "accessor": "alt"}, {"active": true, "accessor": "updatedAt"}, {"active": true, "accessor": "createdAt"}, {"active": true, "accessor": "url"}, {"active": false, "accessor": "id"}, {"active": false, "accessor": "thumbnailURL"}, {"active": false, "accessor": "mimeType"}, {"active": false, "accessor": "filesize"}, {"active": false, "accessor": "width"}, {"active": false, "accessor": "height"}], "editViewType": "default"}	2026-07-09 10:32:12.05+00	2026-07-03 13:23:09.322+00
\.


--
-- Data for Name: payload_preferences_rels; Type: TABLE DATA; Schema: public; Owner: neondb_owner
--

COPY public.payload_preferences_rels (id, "order", parent_id, path, users_id) FROM stdin;
6	\N	4	user	1
7	\N	5	user	1
10	\N	1	user	1
14	\N	9	user	1
15	\N	10	user	1
16	\N	8	user	1
18	\N	6	user	1
21	\N	7	user	1
23	\N	11	user	1
25	\N	12	user	1
26	\N	12	user	1
27	\N	12	user	1
30	\N	3	user	1
34	\N	2	user	1
\.


--
-- Data for Name: products; Type: TABLE DATA; Schema: public; Owner: neondb_owner
--

COPY public.products (id, slug, name, category_id, short_description, long_description, hero_image_id, composition, usage, warning, packaging, updated_at, created_at, brand_id) FROM stdin;
19	nyguard-140ml	NyGuard - 140ml	3	GiáşŁi phĂĄp kiáťm soĂĄt vĂ˛ng Äáťi cĂ´n trĂšng váťi hoáşĄt cháşĽt Pyriproxyfen.	NyGuard ÄĆ°áťŁc mĂ´ táşŁ lĂ  giáşŁi phĂĄp kiáťm soĂĄt dáťch háşĄi báşąng cĂĄch ngÄn áşĽu trĂšng phĂĄt triáťn thĂ nh trĆ°áťng thĂ nh. SáşŁn pháşŠm cĂł tháť háť tráťŁ kiáťm soĂĄt giĂĄn, muáťi, báť chĂŠt vĂ  cĂł tháť pháťi háťŁp váťi sáşŁn pháşŠm xáť­ lĂ˝ cĂ´n trĂšng trĆ°áťng thĂ nh theo hĆ°áťng dáşŤn káťš thuáş­t.	135	Pyriproxyfen.	Pha theo hĆ°áťng dáşŤn trĂŞn nhĂŁn; cĂł tháť pháťi háťŁp váťi sáşŁn pháşŠm xáť­ lĂ˝ cĂ´n trĂšng trĆ°áťng thĂ nh khi ÄĆ°áťŁc tĆ° váşĽn báťi káťš thuáş­t viĂŞn.	Äáťc káťš nhĂŁn vĂ  sáť­ dáťĽng ÄĂşng hĆ°áťng dáşŤn. Mang báşŁo háť phĂš háťŁp; Äáť xa tráşť em, tháťąc pháşŠm, nguáťn nĆ°áťc vĂ  váş­t nuĂ´i. KhĂ´ng dĂšng cho máťĽc ÄĂ­ch khĂĄc.	Chai 140 ml; theo mĂ´ táşŁ cĂł tháť pha 520 lĂ­t nĆ°áťc.	2026-07-06 05:25:34.218+00	2026-07-04 08:27:49.426+00	\N
10	fludora-co-max-insecticide-1-lit	Fludora Co-Max Insecticide - 1 lĂ­t	8	GiáşŁi phĂĄp Äáşˇc tráť muáťi khĂĄng pyrethroid váťi cĆĄ cháşż kĂŠp.	Fludora Co-Max Insecticide káşżt háťŁp Flupyradifurone vĂ  Transfluthrin, táşĄo cĆĄ cháşż tĂĄc Äáťng kĂŠp. SáşŁn pháşŠm ÄĆ°áťŁc mĂ´ táşŁ háť tráťŁ xáť­ lĂ˝ muáťi khĂĄng, Äáşˇc biáťt lĂ  muáťi khĂĄng pyrethroid, Äáťng tháťi gĂłp pháş§n háşĄn cháşż sáťą phĂĄt triáťn tĂ­nh khĂĄng.	136	Transfluthrin 4,87% w/w vĂ  Flupyradifurone 2,44% w/w.	Sáť­ dáťĽng theo ÄĂşng hĆ°áťng dáşŤn káťš thuáş­t, liáťu lĆ°áťŁng vĂ  khu váťąc ĂĄp dáťĽng ghi trĂŞn nhĂŁn sáşŁn pháşŠm.	Äáťc káťš nhĂŁn vĂ  sáť­ dáťĽng ÄĂşng hĆ°áťng dáşŤn. Mang báşŁo háť phĂš háťŁp; Äáť xa tráşť em, tháťąc pháşŠm, nguáťn nĆ°áťc vĂ  váş­t nuĂ´i. KhĂ´ng dĂšng cho máťĽc ÄĂ­ch khĂĄc.	Chai 1 lĂ­t.	2026-07-08 13:53:29.009+00	2026-07-04 08:27:49.426+00	1
13	racumin-0-75-tp-kg	Racumin 0.75 TP Bayer - 1 kg	4	Racumin dáşĄng báťt quy cĂĄch 1 kg, dĂšng kiáťm soĂĄt chuáťt theo hĆ°áťng dáşŤn.	Racumin 0.75 TP lĂ  sáşŁn pháşŠm diáťt chuáťt dáşĄng báťt cháťŠa Coumatetralyl. PhiĂŞn báşŁn quy cĂĄch 1 kg phĂš háťŁp nhu cáş§u xáť­ lĂ˝ diáťn tĂ­ch láťn hĆĄn, sáť­ dáťĽng táşĄi ÄĆ°áťng Äi hoáşˇc trong máťi theo hĆ°áťng dáşŤn ghi trĂŞn nhĂŁn.	134	Coumatetralyl 7,5 g/kg.	Äáşˇt hoáşˇc tráťn máťi theo ÄĂşng hĆ°áťng dáşŤn trĂŞn nhĂŁn, Ć°u tiĂŞn Äáşˇt trong háťp báşŁ hoáşˇc váť trĂ­ chuáťt thĆ°áťng xuáşĽt hiáťn.	Äáşˇt báşŁ ngoĂ i táş§m váťi cáť§a tráşť em vĂ  váş­t nuĂ´i. KhĂ´ng Äáť báşŁ tiáşżp xĂşc tháťąc pháşŠm; thu gom bao bĂŹ, báşŁ tháťŤa vĂ  xĂĄc cĂ´n trĂšng/chuáťt theo hĆ°áťng dáşŤn.	TĂşi/háťp 1 kg.	2026-07-08 13:53:32.59+00	2026-07-04 08:27:49.426+00	1
15	maxforce-quantum-0-03	Maxforce Quantum 0.03%	6	Gel diáťt kiáşżn dáşĄng tuĂ˝p 12g váťi hoáşĄt cháşĽt Imidacloprid.	Maxforce Quantum lĂ  gel diáťt kiáşżn dáşĄng tuĂ˝p 12g, sáť­ dáťĽng hoáşĄt cháşĽt Imidacloprid 0,03%. Äáş§u tuĂ˝p nháť háť tráťŁ Äáşˇt báşŁ áť gĂłc háşšp; sáşŁn pháşŠm hĆ°áťng táťi xáť­ lĂ˝ kiáşżn thĂ´ng qua máťi báşŁ Äáşˇt ÄĂşng váť trĂ­.	126	Imidacloprid 0,03% w/w.	CháşĽm báşŁ táşĄi ÄĆ°áťng Äi, váť trĂ­ kiáşżn kiáşżm Än vĂ  khu váťąc kĂ­n, khĂ´ rĂĄo theo hĆ°áťng dáşŤn trĂŞn nhĂŁn.	Äáşˇt báşŁ ngoĂ i táş§m váťi cáť§a tráşť em vĂ  váş­t nuĂ´i. KhĂ´ng Äáť báşŁ tiáşżp xĂşc tháťąc pháşŠm; thu gom bao bĂŹ, báşŁ tháťŤa vĂ  xĂĄc cĂ´n trĂšng/chuáťt theo hĆ°áťng dáşŤn.	TuĂ˝p 12 g.	2026-07-08 13:53:35.653+00	2026-07-04 08:27:49.426+00	1
16	pesguard-fg161-1-lit	Pesguard FG161 - 1 lĂ­t	8	Cháşż pháşŠm kiáťm soĂĄt muáťi, ruáťi, kiáşżn vĂ  giĂĄn trong gia dáťĽng, y táşż.	Pesguard FG161 lĂ  cháşż pháşŠm dĂšng Äáť kiáťm soĂĄt muáťi, ruáťi, kiáşżn vĂ  giĂĄn trong mĂ´i trĆ°áťng gia dáťĽng vĂ  y táşż. SáşŁn pháşŠm cháťŠa d-tetramethrin vĂ  Cyphenothrin; thĂ´ng tin mĂ´ táşŁ nĂŞu hoáşĄt cháşĽt Cyphenothrin ÄĆ°áťŁc WHO khuyĂŞn dĂšng.	65	d-Tetramethrin 4,43% w/w vĂ  Cyphenothrin 13,30% w/w.	Pha vĂ  phun theo liáťu lĆ°áťŁng, phĆ°ĆĄng phĂĄp vĂ  khu váťąc ĂĄp dáťĽng ghi trĂŞn nhĂŁn sáşŁn pháşŠm.	Äáťc káťš nhĂŁn vĂ  sáť­ dáťĽng ÄĂşng hĆ°áťng dáşŤn. Mang báşŁo háť phĂš háťŁp; Äáť xa tráşť em, tháťąc pháşŠm, nguáťn nĆ°áťc vĂ  váş­t nuĂ´i. KhĂ´ng dĂšng cho máťĽc ÄĂ­ch khĂĄc.	Chai 1 lĂ­t.	2026-07-08 13:53:37.24+00	2026-07-04 08:27:49.426+00	3
17	sumipro-ew-1-lit	Sumipro EW - 1 lĂ­t	8	Cháşż pháşŠm diáťt muáťi, ruáťi dĂšng phun khĂ´ng gian hoáşˇc phun mĂš nĂłng.	Sumipro EW lĂ  cháşż pháşŠm kiáťm soĂĄt muáťi vĂ  ruáťi trong gia dáťĽng, y táşż. SáşŁn pháşŠm ÄĆ°áťŁc mĂ´ táşŁ dĂšng cho phun khĂ´ng gian hoáşˇc phun mĂš nĂłng, háť tráťŁ phĂ˛ng ngáťŤa cĂĄc báťnh do muáťi, ruáťi truyáťn khi ĂĄp dáťĽng ÄĂşng hĆ°áťng dáşŤn.	79	Metofluthrin 0,1%; d,d,t-Cyphenothrin 6%; Piperonyl butoxide 10%.	Pha vĂ  phun khĂ´ng gian hoáşˇc phun mĂš nĂłng theo ÄĂşng hĆ°áťng dáşŤn káťš thuáş­t vĂ  liáťu lĆ°áťŁng ghi trĂŞn nhĂŁn.	Äáťc káťš nhĂŁn vĂ  sáť­ dáťĽng ÄĂşng hĆ°áťng dáşŤn. Mang báşŁo háť phĂš háťŁp; Äáť xa tráşť em, tháťąc pháşŠm, nguáťn nĆ°áťc vĂ  váş­t nuĂ´i. KhĂ´ng dĂšng cho máťĽc ÄĂ­ch khĂĄc.	Chai 1 lĂ­t.	2026-07-08 13:53:38.903+00	2026-07-04 08:27:49.426+00	3
18	sumithrin-10sec-1-lit	Sumithrin 10SEC - 1 lĂ­t	8	Cháşż pháşŠm diáťt muáťi vĂ  cĂ´n trĂšng, cĂł kháşŁ nÄng táťn lĆ°u trĂŞn báť máşˇt.	Sumithrin 10SEC lĂ  cháşż pháşŠm háť tráťŁ kiáťm soĂĄt muáťi vĂ  máťt sáť cĂ´n trĂšng. Theo thĂ´ng tin mĂ´ táşŁ, sáşŁn pháşŠm khĂ´ng mĂ u, cĂł mĂši nháşš khi pha nĆ°áťc, cĂł kháşŁ nÄng táťn lĆ°u vĂ  háşĄn cháşż Äáť láşĄi váşżt áť trĂŞn báť máşˇt khi sáť­ dáťĽng ÄĂşng hĆ°áťng dáşŤn.	78	D-phenothrin 10% vĂ  cháşĽt pháťĽ gia váťŤa Äáť§.	Pha vĂ  phun theo hĆ°áťng dáşŤn trĂŞn nhĂŁn; láťąa cháťn phĆ°ĆĄng phĂĄp xáť­ lĂ˝ phĂš háťŁp váťi khu váťąc vĂ  Äáťi tĆ°áťŁng cáş§n kiáťm soĂĄt.	Äáťc káťš nhĂŁn vĂ  sáť­ dáťĽng ÄĂşng hĆ°áťng dáşŤn. Mang báşŁo háť phĂš háťŁp; Äáť xa tráşť em, tháťąc pháşŠm, nguáťn nĆ°áťc vĂ  váş­t nuĂ´i. KhĂ´ng dĂšng cho máťĽc ÄĂ­ch khĂĄc.	Chai 1 lĂ­t.	2026-07-08 13:53:40.434+00	2026-07-04 08:27:49.426+00	3
9	cislin-2-5ec-1-lit	Cislin 2.5EC - 1 lĂ­t	5	Cháşż pháşŠm xáť­ lĂ˝ máťi, máťt váťi hoáşĄt cháşĽt Deltamethrin 2,5%.	Cislin 2.5EC lĂ  cháşż pháşŠm dĂšng Äáť phĂ˛ng tráťŤ vĂ  xáť­ lĂ˝ máťi, máťt. Theo thĂ´ng tin sáşŁn pháşŠm, thuáťc cĂł hiáťu láťąc táťn lĆ°u vĂ  phĂš háťŁp cho cĂĄc nhu cáş§u xáť­ lĂ˝ máťi/máťt táşĄi cĂ´ng trĂŹnh, nhĂ  áť vĂ  khu váťąc cáş§n báşŁo váť.	2	Deltamethrin 2,5% (25 g/L).	Pha vĂ  xáť­ lĂ˝ táşĄi khu váťąc cĂł máťi/máťt theo ÄĂşng Äáťnh máťŠc, quy trĂŹnh káťš thuáş­t vĂ  hĆ°áťng dáşŤn trĂŞn nhĂŁn.	Thi cĂ´ng theo hĆ°áťng dáşŤn káťš thuáş­t vĂ  quy Äáťnh an toĂ n; khuyáşżn ngháť do ÄĆĄn váť chuyĂŞn mĂ´n tháťąc hiáťn. KhĂ´ng Äáť sáşŁn pháşŠm tiáşżp xĂşc tháťąc pháşŠm, tráşť em vĂ  váş­t nuĂ´i.	Chai 1 lĂ­t.	2026-07-08 13:53:27.527+00	2026-07-04 08:27:49.426+00	\N
28	optigard-ab-100	Optigard AB 100	6	BáşŁ diáťt kiáşżn cháťŠa Thiamethoxam, cĂł cĆĄ cháşż lan truyáťn trong ÄĂ n.	Optigard AB 100 lĂ  báşŁ diáťt kiáşżn váťi hoáşĄt cháşĽt Thiamethoxam. Theo thĂ´ng tin mĂ´ táşŁ, báşŁ cĂł tĂĄc Äáťng cháş­m Äáť kiáşżn tháťŁ cĂł tháť mang máťi váť táť vĂ  truyáťn trong ÄĂ n; máş­t Äáť kiáşżn cĂł tháť giáşŁm sau vĂ i ngĂ y náşżu Äáşˇt báşŁ ÄĂşng váť trĂ­.	81	Thiamethoxam.	Äáşˇt báşŁ táşĄi ÄĆ°áťng Äi, Äiáťm kiáşżn kiáşżm Än vĂ  khu váťąc kiáşżn hoáşĄt Äáťng; khĂ´ng Äáť báşŁ báť nĆ°áťc hoáşˇc báťĽi báşŠn lĂ m giáşŁm háşĽp dáşŤn.	Äáşˇt báşŁ ngoĂ i táş§m váťi cáť§a tráşť em vĂ  váş­t nuĂ´i. KhĂ´ng Äáť báşŁ tiáşżp xĂşc tháťąc pháşŠm; thu gom bao bĂŹ, báşŁ tháťŤa vĂ  xĂĄc cĂ´n trĂšng/chuáťt theo hĆ°áťng dáşŤn.	TuĂ˝p báşŁ gel.	2026-07-06 05:23:48.751+00	2026-07-04 08:27:49.426+00	\N
22	icon-10cs-goi-62-5ml	Icon 10CS - gĂłi 62,5ml	8	Thuáťc diáťt cĂ´n trĂšng háť tráťŁ kiáťm soĂĄt muáťi, ruáťi, giĂĄn vĂ  cĂ´n trĂšng khĂĄc.	Icon 10CS quy cĂĄch gĂłi 62,5 ml lĂ  cháşż pháşŠm dĂšng Äáť kiáťm soĂĄt muáťi, ruáťi, giĂĄn vĂ  cĂ´n trĂšng. Theo mĂ´ táşŁ, sáşŁn pháşŠm cĂł mĂši nháşš vĂ  ÄĆ°áťŁc giáťi thiáťu cĂł máťŠc Äáť an toĂ n, cháşĽt lĆ°áťŁng ÄĆ°áťŁc WHO vĂ  FAO ghi nháş­n.	104	Lambda-cyhalothrin 10% (100 g/L).	Pha vĂ  phun theo liáťu lĆ°áťŁng, phĆ°ĆĄng phĂĄp ĂĄp dáťĽng vĂ  hĆ°áťng dáşŤn trĂŞn nhĂŁn sáşŁn pháşŠm.	Äáťc káťš nhĂŁn vĂ  sáť­ dáťĽng ÄĂşng hĆ°áťng dáşŤn. Mang báşŁo háť phĂš háťŁp; Äáť xa tráşť em, tháťąc pháşŠm, nguáťn nĆ°áťc vĂ  váş­t nuĂ´i. KhĂ´ng dĂšng cho máťĽc ÄĂ­ch khĂĄc.	GĂłi 62,5 ml.	2026-07-08 13:53:43.772+00	2026-07-04 08:27:49.426+00	4
23	icon-2-5ew-250ml	Icon 2.5EW - 250ml	8	Thuáťc diáťt cĂ´n trĂšng háť tráťŁ xáť­ lĂ˝ muáťi, kiáşżn, giĂĄn, ruáťi, báť chĂŠt vĂ  ve.	Icon 2.5EW lĂ  cháşż pháşŠm kiáťm soĂĄt cĂ´n trĂšng cĂł tháť sáť­ dáťĽng trĂŞn nhiáťu báť máşˇt nhĆ° tĆ°áťng, vĂĄch vĂ  cĂĄc báť máşˇt tiáşżp xĂşc. Theo mĂ´ táşŁ, sáşŁn pháşŠm háť tráťŁ xáť­ lĂ˝ muáťi, kiáşżn, giĂĄn, ruáťi, báť chĂŠt, báť ve vĂ  nháťn, Äáťng tháťi háşĄn cháşż áşŁnh hĆ°áťng mĂ u báť máşˇt khi sáť­ dáťĽng ÄĂşng hĆ°áťng dáşŤn.	103	Lambda-cyhalothrin (dáşĄng 2,5EW).	Pha vĂ  phun táťn lĆ°u lĂŞn báť máşˇt theo hĆ°áťng dáşŤn trĂŞn nhĂŁn; khĂ´ng phun tráťąc tiáşżp lĂŞn tháťąc pháşŠm, ngĆ°áťi hoáşˇc váş­t nuĂ´i.	Äáťc káťš nhĂŁn vĂ  sáť­ dáťĽng ÄĂşng hĆ°áťng dáşŤn. Mang báşŁo háť phĂš háťŁp; Äáť xa tráşť em, tháťąc pháşŠm, nguáťn nĆ°áťc vĂ  váş­t nuĂ´i. KhĂ´ng dĂšng cho máťĽc ÄĂ­ch khĂĄc.	Chai 250 ml.	2026-07-08 13:53:45.471+00	2026-07-04 08:27:49.426+00	4
24	icon-10cs-1-lit	Icon 10CS - 1 lĂ­t	8	Cháşż pháşŠm kiáťm soĂĄt muáťi, ruáťi, giĂĄn dáşĄng 10CS.	Icon 10CS lĂ  cháşż pháşŠm háť tráťŁ kiáťm soĂĄt muáťi, ruáťi vĂ  giĂĄn. Theo mĂ´ táşŁ, sáşŁn pháşŠm cĂł mĂši nháşš hĆĄn máťt sáť sáşŁn pháşŠm cĂšng loáşĄi; ÄĆ°áťŁc giáťi thiáťu phĂš háťŁp cho nhu cáş§u xáť­ lĂ˝ cĂ´n trĂšng khi sáť­ dáťĽng ÄĂşng hĆ°áťng dáşŤn.	2	Lambda-cyhalothrin (dáşĄng 10CS).	Pha vĂ  phun theo hĆ°áťng dáşŤn trĂŞn nhĂŁn; láťąa cháťn khu váťąc xáť­ lĂ˝ phĂš háťŁp váťi Äáťi tĆ°áťŁng cĂ´n trĂšng.	Äáťc káťš nhĂŁn vĂ  sáť­ dáťĽng ÄĂşng hĆ°áťng dáşŤn. Mang báşŁo háť phĂš háťŁp; Äáť xa tráşť em, tháťąc pháşŠm, nguáťn nĆ°áťc vĂ  váş­t nuĂ´i. KhĂ´ng dĂšng cho máťĽc ÄĂ­ch khĂĄc.	Chai 1 lĂ­t.	2026-07-08 13:53:46.993+00	2026-07-04 08:27:49.426+00	4
25	icon-2-5cs-1-lit	Icon 2.5CS - 1 lĂ­t	8	Thuáťc phun kiáťm soĂĄt cĂ´n trĂšng bay vĂ  bĂ˛ trong nhĂ .	Icon 2.5CS lĂ  thuáťc phun háť tráťŁ kiáťm soĂĄt pháş§n láťn cĂĄc loĂ i cĂ´n trĂšng bay vĂ  bĂ˛ xuáşĽt hiáťn trong nhĂ . Theo mĂ´ táşŁ, sáşŁn pháşŠm khĂ´ng mĂši vĂ  Ă­t gĂ˘y kĂ­ch áťŠng da khi sáť­ dáťĽng ÄĂşng hĆ°áťng dáşŤn.	97	Lambda-cyhalothrin (dáşĄng 2,5CS).	Pha vĂ  phun lĂŞn khu váťąc cĂ´n trĂšng hoáşĄt Äáťng hoáşˇc trĂş áşŠn theo ÄĂşng hĆ°áťng dáşŤn trĂŞn nhĂŁn.	Äáťc káťš nhĂŁn vĂ  sáť­ dáťĽng ÄĂşng hĆ°áťng dáşŤn. Mang báşŁo háť phĂš háťŁp; Äáť xa tráşť em, tháťąc pháşŠm, nguáťn nĆ°áťc vĂ  váş­t nuĂ´i. KhĂ´ng dĂšng cho máťĽc ÄĂ­ch khĂĄc.	Chai 1 lĂ­t.	2026-07-08 13:53:48.569+00	2026-07-04 08:27:49.426+00	4
26	imperator-50ec-1-lit	Imperator 50EC - 1 lĂ­t	8	GiáşŁi phĂĄp kiáťm soĂĄt muáťi vĂ  cĂ´n trĂšng váťi Permethrin 50%.	Imperator 50EC lĂ  sáşŁn pháşŠm cháťŠa Permethrin 50%, ÄĆ°áťŁc Syngenta phĂĄt triáťn táťŤ dĂ˛ng sáşŁn pháşŠm tiáťn thĂ˘n cáť§a Zeneca. SáşŁn pháşŠm ÄĆ°áťŁc mĂ´ táşŁ phĂš háťŁp nhu cáş§u kiáťm soĂĄt muáťi vĂ  cĂ´n trĂšng khi sáť­ dáťĽng ÄĂşng hĆ°áťng dáşŤn.	93	Permethrin 50% (500 g/L).	Pha vĂ  phun theo ÄĂşng liáťu lĆ°áťŁng, phĆ°ĆĄng phĂĄp xáť­ lĂ˝ vĂ  hĆ°áťng dáşŤn trĂŞn nhĂŁn.	Äáťc káťš nhĂŁn vĂ  sáť­ dáťĽng ÄĂşng hĆ°áťng dáşŤn. Mang báşŁo háť phĂš háťŁp; Äáť xa tráşť em, tháťąc pháşŠm, nguáťn nĆ°áťc vĂ  váş­t nuĂ´i. KhĂ´ng dĂšng cho máťĽc ÄĂ­ch khĂĄc.	ThĂšng 12 chai x 1 lĂ­t; bĂĄn láşť chai 1 lĂ­t.	2026-07-08 13:53:50.184+00	2026-07-04 08:27:49.426+00	4
27	imperator-50ec-100ml	Imperator 50EC - 100ml	8	Imperator 50EC quy cĂĄch 100ml, cháťŠa Permethrin 50%.	Imperator 50EC quy cĂĄch 100 ml lĂ  sáşŁn pháşŠm cháťŠa Permethrin 50%, ÄĆ°áťŁc mĂ´ táşŁ nhĆ° giáşŁi phĂĄp kiáťm soĂĄt muáťi vĂ  cĂ´n trĂšng. PhiĂŞn báşŁn dung tĂ­ch nháť phĂš háťŁp nhu cáş§u sáť­ dáťĽng theo quy mĂ´ xáť­ lĂ˝.	93	Permethrin 50% (500 g/L).	Pha vĂ  phun theo ÄĂşng liáťu lĆ°áťŁng, phĆ°ĆĄng phĂĄp xáť­ lĂ˝ vĂ  hĆ°áťng dáşŤn trĂŞn nhĂŁn.	Äáťc káťš nhĂŁn vĂ  sáť­ dáťĽng ÄĂşng hĆ°áťng dáşŤn. Mang báşŁo háť phĂš háťŁp; Äáť xa tráşť em, tháťąc pháşŠm, nguáťn nĆ°áťc vĂ  váş­t nuĂ´i. KhĂ´ng dĂšng cho máťĽc ÄĂ­ch khĂĄc.	ThĂšng 100 chai x 100 ml; bĂĄn láşť chai 100 ml.	2026-07-08 13:53:52.085+00	2026-07-04 08:27:49.426+00	4
30	advion-cockroach	BáşŁ GiĂĄn Advion Cockroach	7	BáşŁ gel diáťt giĂĄn váťi hoáşĄt cháşĽt Indoxacarb, háť tráťŁ hiáťu áťŠng lan truyáťn.	Advion Cockroach lĂ  báşŁ diáťt giĂĄn dáşĄng gel. Theo mĂ´ táşŁ, sáşŁn pháşŠm cĂł máťi háşĽp dáşŤn giĂĄn Än vĂ  háť tráťŁ hiáťu áťŠng lan truyáťn táşĄi nĆĄi giĂĄn trĂş áşŠn; phĂš háťŁp Äáşˇt táşĄi khu váťąc giĂĄn hoáşĄt Äáťng trong nhĂ .	2	Indoxacarb.	CháşĽm/Äáşˇt báşŁ gel táşĄi nĆĄi giĂĄn kiáşżm Än, ÄĆ°áťng Äi vĂ  khe káş˝ theo ÄĂşng hĆ°áťng dáşŤn trĂŞn nhĂŁn.	Äáşˇt báşŁ ngoĂ i táş§m váťi cáť§a tráşť em vĂ  váş­t nuĂ´i. KhĂ´ng Äáť báşŁ tiáşżp xĂşc tháťąc pháşŠm; thu gom bao bĂŹ, báşŁ tháťŤa vĂ  xĂĄc cĂ´n trĂšng/chuáťt theo hĆ°áťng dáşŤn.	TuĂ˝p báşŁ gel.	2026-07-09 10:43:27.116+00	2026-07-04 08:27:49.426+00	4
34	bithor-dual-action-1-lit	Bithor Dual Action Insecticide - 1 lĂ­t	3	Cháşż pháşŠm hai hoáşĄt cháşĽt háť tráťŁ xáť­ lĂ˝ muáťi, giĂĄn, kiáşżn, ráťp giĆ°áťng vĂ  báť chĂŠt.	Bithor Dual Action cháťŠa Bifenthrin vĂ  Imidacloprid, ÄĆ°áťŁc mĂ´ táşŁ dĂšng cho cĂĄc loĂ i cĂ´n trĂšng trong nhĂ  nhĆ° muáťi, giĂĄn, kiáşżn, ráťp giĆ°áťng vĂ  báť chĂŠt. Theo thĂ´ng tin sáşŁn pháşŠm, cháşż pháşŠm cĂł tháť cho hiáťu quáşŁ táťn lĆ°u kĂŠo dĂ i khi sáť­ dáťĽng ÄĂşng hĆ°áťng dáşŤn.	2	Bifenthrin 4,5% vĂ  Imidacloprid 5,5%.	Pha vĂ  phun táťn lĆ°u theo hĆ°áťng dáşŤn trĂŞn nhĂŁn; xáť­ lĂ˝ khe káş˝, chĂ˘n tĆ°áťng vĂ  nĆĄi cĂ´n trĂšng hoáşĄt Äáťng.	Äáťc káťš nhĂŁn vĂ  sáť­ dáťĽng ÄĂşng hĆ°áťng dáşŤn. Mang báşŁo háť phĂš háťŁp; Äáť xa tráşť em, tháťąc pháşŠm, nguáťn nĆ°áťc vĂ  váş­t nuĂ´i. KhĂ´ng dĂšng cho máťĽc ÄĂ­ch khĂĄc.	Chai 1 lĂ­t.	2026-07-04 08:27:49.426+00	2026-07-04 08:27:49.426+00	\N
31	arilon-insecticide-200g	Arilon Insecticide - 200g	7	Cháşż pháşŠm diáťt cĂ´n trĂšng cháťŠa Indoxacarb 20% w/w.	Arilon Insecticide lĂ  cháşż pháşŠm kiáťm soĂĄt cĂ´n trĂšng cháťŠa Indoxacarb 20% w/w. Theo mĂ´ táşŁ, sáşŁn pháşŠm phĂš háťŁp cho mĂ´i trĆ°áťng sinh hoáşĄt vĂ  sáşŁn xuáşĽt, váťi máťĽc tiĂŞu kiáťm soĂĄt máťt sáť cĂ´n trĂšng gĂ˘y háşĄi khi sáť­ dáťĽng theo hĆ°áťng dáşŤn.	2	Indoxacarb 20% w/w.	Sáť­ dáťĽng theo ÄĂşng hĆ°áťng dáşŤn trĂŞn nhĂŁn, phĆ°ĆĄng phĂĄp vĂ  khu váťąc ĂĄp dáťĽng do nhĂ  sáşŁn xuáşĽt khuyáşżn ngháť.	Äáťc káťš nhĂŁn vĂ  sáť­ dáťĽng ÄĂşng hĆ°áťng dáşŤn. Mang báşŁo háť phĂš háťŁp; Äáť xa tráşť em, tháťąc pháşŠm, nguáťn nĆ°áťc vĂ  váş­t nuĂ´i. KhĂ´ng dĂšng cho máťĽc ÄĂ­ch khĂĄc.	Háťp 200 g.	2026-07-08 13:53:56.944+00	2026-07-04 08:27:49.426+00	4
32	klerat-goi-50g	BáşŁ Chuáťt Klerat - gĂłi 50g	4	BáşŁ chuáťt dáşĄng viĂŞn nĂŠn cháťŠa Brodifacoum 0,005%.	Klerat 0.005% Wax Block Bait lĂ  báşŁ tráťŤ chuáťt ÄĆĄn liáťu dáşĄng viĂŞn nĂŠn. Theo mĂ´ táşŁ, hoáşĄt cháşĽt Brodifacoum cĂł cĆĄ cháşż cháťng ÄĂ´ng mĂĄu; sáşŁn pháşŠm cĂł mĂši váť háşĽp dáşŤn váťi chuáťt vĂ  phĂš háťŁp Äáşˇt táşĄi khu váťąc chuáťt hoáşĄt Äáťng.	87	Brodifacoum 0,005%.	Äáşˇt báşŁ táşĄi ÄĆ°áťng Äi hoáşˇc Äiáťm chuáťt xuáşĽt hiáťn theo hĆ°áťng dáşŤn; Ć°u tiĂŞn dĂšng háťp báşŁ áť váť trĂ­ an toĂ n.	Äáşˇt báşŁ ngoĂ i táş§m váťi cáť§a tráşť em vĂ  váş­t nuĂ´i. KhĂ´ng Äáť báşŁ tiáşżp xĂşc tháťąc pháşŠm; thu gom bao bĂŹ, báşŁ tháťŤa vĂ  xĂĄc cĂ´n trĂšng/chuáťt theo hĆ°áťng dáşŤn.	GĂłi 50 g.	2026-07-08 13:53:58.481+00	2026-07-04 08:27:49.426+00	4
33	klerat-1kg	BáşŁ Chuáťt Klerat - 1 kg	4	BáşŁ chuáťt dáşĄng viĂŞn nĂŠn quy cĂĄch 1 kg, cháťŠa Brodifacoum.	Klerat 0.005% Wax Block Bait lĂ  báşŁ tráťŤ chuáťt ÄĆĄn liáťu dáşĄng viĂŞn nĂŠn. PhiĂŞn báşŁn quy cĂĄch 1 kg phĂš háťŁp cho nhu cáş§u xáť­ lĂ˝ khu váťąc ráťng hĆĄn, sáť­ dáťĽng theo hĆ°áťng dáşŤn Äáť ÄáşŁm báşŁo an toĂ n.	86	Brodifacoum 0,005%.	Äáşˇt báşŁ táşĄi ÄĆ°áťng Äi hoáşˇc Äiáťm chuáťt xuáşĽt hiáťn theo hĆ°áťng dáşŤn; Ć°u tiĂŞn dĂšng háťp báşŁ áť váť trĂ­ an toĂ n.	Äáşˇt báşŁ ngoĂ i táş§m váťi cáť§a tráşť em vĂ  váş­t nuĂ´i. KhĂ´ng Äáť báşŁ tiáşżp xĂşc tháťąc pháşŠm; thu gom bao bĂŹ, báşŁ tháťŤa vĂ  xĂĄc cĂ´n trĂšng/chuáťt theo hĆ°áťng dáşŤn.	TĂşi 1 kg.	2026-07-08 13:54:00.062+00	2026-07-04 08:27:49.426+00	4
36	maxxthor-100-1-lit	Maxxthor 100 - 1 lĂ­t	3	Cháşż pháşŠm Bifenthrin 100 g/L háť tráťŁ kiáťm soĂĄt nhiáťu loáşĄi cĂ´n trĂšng.	Maxxthor 100 lĂ  cháşż pháşŠm kiáťm soĂĄt cĂ´n trĂšng cáť§a Ensystex, ÄĆ°áťŁc mĂ´ táşŁ cĂł kháşŁ nÄng xáť­ lĂ˝ ruáťi, muáťi, kiáşżn, giĂĄn, ráťp vĂ  báť chĂŠt trong gia dáťĽng/y táşż. SáşŁn pháşŠm khĂ´ng mĂši vĂ  cĂł hiáťu láťąc táťn lĆ°u khi ĂĄp dáťĽng ÄĂşng hĆ°áťng dáşŤn.	110	Bifenthrin 100 g/L.	Pha vĂ  phun theo ÄĂşng hĆ°áťng dáşŤn trĂŞn nhĂŁn; xáť­ lĂ˝ khu váťąc cĂ´n trĂšng hoáşĄt Äáťng, trĂş áşŠn vĂ  ÄĆ°áťng di chuyáťn.	Äáťc káťš nhĂŁn vĂ  sáť­ dáťĽng ÄĂşng hĆ°áťng dáşŤn. Mang báşŁo háť phĂš háťŁp; Äáť xa tráşť em, tháťąc pháşŠm, nguáťn nĆ°áťc vĂ  váş­t nuĂ´i. KhĂ´ng dĂšng cho máťĽc ÄĂ­ch khĂĄc.	Chai 1 lĂ­t.	2026-07-08 13:54:01.588+00	2026-07-04 08:27:49.426+00	5
41	dung-cu-phun-diathor	DáťĽng CáťĽ Phun Diathor Flowable	1	Thiáşżt báť bĂłp bĂłng cao su háť tráťŁ phun báťt Diathor vĂ o khe háť.	DáťĽng cáťĽ phun Diathor Flowable sáť­ dáťĽng cĆĄ cháşż bĂłp bĂłng cao su Äáť táşĄo ĂĄp suáşĽt vĂ  ÄáşŠy báťt táťŤ bĂŹnh cháťŠa qua vĂ˛i. Báť sáşŁn pháşŠm cĂł cĂĄc áťng vĂ˛i váťi ÄĆ°áťng kĂ­nh khĂĄc nhau, háť tráťŁ ÄĆ°a báťt vĂ o khe háť vĂ  váť trĂ­ khĂł tiáşżp cáş­n.	157	KhĂ´ng ĂĄp dáťĽng.	LáşŻp ÄĂşng vĂ˛i phĂš háťŁp, cho lĆ°áťŁng báťt váťŤa Äáť§ vĂ  bĂłp bĂłng Äáť phun láťp máťng vĂ o váť trĂ­ cáş§n xáť­ lĂ˝; lĂ m sáşĄch Äáş§u vĂ˛i sau khi dĂšng.	Sáť­ dáťĽng ÄĂşng loáşĄi báťt/thiáşżt báť, Äeo kháşŠu trang vĂ  kĂ­nh báşŁo háť khi thao tĂĄc. LĂ m sáşĄch thiáşżt báť sau khi dĂšng vĂ  báşŁo quáşŁn nĆĄi khĂ´ rĂĄo.	Báť dáťĽng cáťĽ/háťp.	2026-07-09 10:15:09.334+00	2026-07-04 08:27:49.426+00	5
37	ecothor-xua-duoi-ran	Ecothor Xua Äuáťi RáşŻn	2	Dung dáťch xua Äuáťi ráşŻn vĂ  tháşąn láşąn táťŤ tinh dáş§u tháťąc váş­t.	Ecothor lĂ  dung dáťch xua Äuáťi ráşŻn chuyĂŞn dáťĽng, ÄĆ°áťŁc mĂ´ táşŁ cĂł tĂĄc dáťĽng háť tráťŁ xua Äuáťi ráşŻn vĂ  tháşąn láşąn. SáşŁn pháşŠm sáť­ dáťĽng chiáşżt xuáşĽt tinh dáş§u tháťąc váş­t vĂ  phĂš háťŁp táşĄo vĂšng xua Äuáťi quanh khu váťąc cáş§n báşŁo váť.	112	Tinh dáş§u tháťąc váş­t thiĂŞn nhiĂŞn.	Phun quanh chu vi khu váťąc cáş§n báşŁo váť theo hĆ°áťng dáşŤn trĂŞn nhĂŁn; duy trĂŹ láşĄi vĂšng xáť­ lĂ˝ khi Äiáťu kiáťn tháťi tiáşżt hoáşˇc mĂ´i trĆ°áťng lĂ m giáşŁm tĂĄc dáťĽng.	DĂšng theo hĆ°áťng dáşŤn trĂŞn nhĂŁn; khĂ´ng Äáť sáşŁn pháşŠm tiáşżp xĂşc tháťąc pháşŠm, tráşť em vĂ  váş­t nuĂ´i. BáşŁo quáşŁn nĆĄi khĂ´ rĂĄo, trĂĄnh ĂĄnh náşŻng.	Chai dung dáťch.	2026-07-09 10:32:54.849+00	2026-07-04 08:27:49.426+00	5
46	ecothor-nature-cide-granular-9kg	Ecothor Nature-Cide Granular - thĂšng 9kg	2	SáşŁn pháşŠm dáşĄng háşĄt táťŤ tinh dáş§u tuyáşżt tĂšng vĂ  quáşż, háť tráťŁ xua Äuáťi ráşŻn vĂ  tháşąn láşąn.	EcoThor Nature-Cide Granular lĂ  dĂ˛ng sáşŁn pháşŠm dáşĄng háşĄt chuyĂŞn dáťĽng xua Äuáťi ráşŻn vĂ  tháşąn láşąn. Theo mĂ´ táşŁ, sáşŁn pháşŠm dĂšng tinh dáş§u tuyáşżt tĂšng vĂ  tinh dáş§u quáşż Äáť táşĄo hĂ ng rĂ o mĂši xua Äuáťi quanh khu váťąc sinh sáťng, sĂ˘n vĆ°áťn, biáťt tháťą hoáşˇc khu ngháť dĆ°áťĄng.	115	Cedarwood oil 2,92% w/w vĂ  Cinnamon oil 1,47% w/w.	RáşŁi Äáťu háşĄt quanh chu vi hoáşˇc khu váťąc cáş§n báşŁo váť theo hĆ°áťng dáşŤn trĂŞn nhĂŁn; báť sung láşĄi khi Äiáťu kiáťn mĂ´i trĆ°áťng lĂ m suy giáşŁm láťp háşĄt.	DĂšng theo hĆ°áťng dáşŤn trĂŞn nhĂŁn; khĂ´ng Äáť sáşŁn pháşŠm tiáşżp xĂşc tháťąc pháşŠm, tráşť em vĂ  váş­t nuĂ´i. BáşŁo quáşŁn nĆĄi khĂ´ rĂĄo, trĂĄnh ĂĄnh náşŻng.	ThĂšng 9 kg.	2026-07-06 05:37:11.856+00	2026-07-04 08:27:49.426+00	\N
20	wazary-10sc-1-lit	Wazary 10SC - 1 lĂ­t	5	Thuáťc phĂ˛ng tráťŤ máťi cho cĂ´ng trĂŹnh váťi hoáşĄt cháşĽt Fenvalerate.	Wazary 10SC lĂ  sáşŁn pháşŠm phĂ˛ng tráťŤ máťi cho cĂ´ng trĂŹnh xĂ˘y dáťąng cáť§a Sumitomo. HoáşĄt cháşĽt Fenvalerate ÄĆ°áťŁc mĂ´ táşŁ cĂł tĂĄc Äáťng máşĄnh váťi cĂ´n trĂšng; sáşŁn pháşŠm phĂš háťŁp triáťn khai theo quy trĂŹnh xáť­ lĂ˝ máťi cho cĂ´ng trĂŹnh.	73	Fenvalerate 10% w/w (100 g/L).	Pha vĂ  xáť­ lĂ˝ khu váťąc cáş§n phĂ˛ng tráťŤ máťi theo ÄĂşng Äáťnh máťŠc, quy trĂŹnh káťš thuáş­t vĂ  hĆ°áťng dáşŤn trĂŞn nhĂŁn.	Thi cĂ´ng theo hĆ°áťng dáşŤn káťš thuáş­t vĂ  quy Äáťnh an toĂ n; khuyáşżn ngháť do ÄĆĄn váť chuyĂŞn mĂ´n tháťąc hiáťn. KhĂ´ng Äáť sáşŁn pháşŠm tiáşżp xĂşc tháťąc pháşŠm, tráşť em vĂ  váş­t nuĂ´i.	Chai 1 lĂ­t.	2026-07-08 13:53:42.046+00	2026-07-04 08:27:49.426+00	3
39	fumithor-delta-40g	Fumithor Delta Insecticide Smoke Generator - 40g	3	Thiáşżt báť táşĄo khĂłi háť tráťŁ xáť­ lĂ˝ cĂ´n trĂšng táşĄi khe háť vĂ  khu váťąc khĂł tiáşżp cáş­n.	Fumithor Delta sáť­ dáťĽng khĂłi váťi háşĄt nháť Äáť Äi vĂ o váşżt náťŠt, khe háť vĂ  nháťŻng nĆĄi cĂ´n trĂšng áşŠn nĂĄu. Theo mĂ´ táşŁ, hoáşĄt cháşĽt Deltamethrin cĂł tháť bĂĄm trĂŞn báť máşˇt Äáť háť tráťŁ xáť­ lĂ˝ khu váťąc khĂł tiáşżp cáş­n báşąng phun thĂ´ng thĆ°áťng.	111	Deltamethrin.	KĂ­ch hoáşĄt theo hĆ°áťng dáşŤn cáť§a nhĂ  sáşŁn xuáşĽt, ÄĂłng kĂ­n khu váťąc xáť­ lĂ˝ trong tháťi gian yĂŞu cáş§u vĂ  thĂ´ng khĂ­ káťš trĆ°áťc khi sáť­ dáťĽng láşĄi.	Cháť sáť­ dáťĽng táşĄi khu váťąc cĂł tháť cĂ´ láş­p. Ráťi kháťi khu váťąc khi kĂ­ch hoáşĄt, ngáşŻt nguáťn láť­a/Äiáťn theo hĆ°áťng dáşŤn vĂ  thĂ´ng khĂ­ káťš trĆ°áťc khi quay láşĄi.	Lon 40 g.	2026-07-08 13:54:06.212+00	2026-07-04 08:27:49.426+00	5
38	requiem-1rb	BáşŁ Máťi Requiem 1RB	5	BáşŁ diáťt máťi cháťŠa Chlorfluazuron, háť tráťŁ dáşŤn dáťĽ vĂ  xáť­ lĂ˝ ÄĂ n máťi.	Requiem 1RB lĂ  báşŁ diáťt máťi vĂ  phĂ˛ng cháťng máťi cho cĂ´ng trĂŹnh. Theo mĂ´ táşŁ, sáşŁn pháşŠm cĂł kháşŁ nÄng dáşŤn dáťĽ máťi Än báşŁ vĂ  háť tráťŁ cĆĄ cháşż lĂ˘y truyáťn trong ÄĂ n, phĂš háťŁp triáťn khai trong quy trĂŹnh kiáťm soĂĄt máťi chuyĂŞn nghiáťp.	116	Chlorfluazuron.	Äáşˇt báşŁ trong quy trĂŹnh xáť­ lĂ˝ máťi theo hĆ°áťng dáşŤn káťš thuáş­t; kiáťm tra, thay báşŁ vĂ  theo dĂľi hoáşĄt Äáťng máťi theo káşż hoáşĄch.	Thi cĂ´ng theo hĆ°áťng dáşŤn káťš thuáş­t vĂ  quy Äáťnh an toĂ n; khuyáşżn ngháť do ÄĆĄn váť chuyĂŞn mĂ´n tháťąc hiáťn. KhĂ´ng Äáť sáşŁn pháşŠm tiáşżp xĂşc tháťąc pháşŠm, tráşť em vĂ  váş­t nuĂ´i.	BĂĄn theo kg.	2026-07-09 10:36:12.063+00	2026-07-04 08:27:49.426+00	5
42	zenithor-gel-cockroach-bait	BáşŁ  GiĂĄn Zenithor Gel Cockroach Bait	7	BáşŁ gel diáťt giĂĄn cháťŠa Indoxacarb cáť§a Ensystex.	Zenithor Gel Cockroach Bait lĂ  sáşŁn pháşŠm báşŁ gel cháťŠa Indoxacarb, hĆ°áťng táťi kiáťm soĂĄt giĂĄn ngay trong mĂ´i trĆ°áťng sáťng vĂ  nĆĄi chĂşng trĂş áşŠn. NĂŞn Äáşˇt báşŁ táşĄi váť trĂ­ giĂĄn kiáşżm Än, di chuyáťn hoáşˇc áşŠn nĂĄu theo hĆ°áťng dáşŤn.	109	Indoxacarb.	CháşĽm/Äáşˇt báşŁ gel táşĄi khu váťąc giĂĄn kiáşżm Än, trĂş áşŠn vĂ  ÄĆ°áťng Äi; kiáťm tra, thay máťi theo hĆ°áťng dáşŤn khi cáş§n.	Äáşˇt báşŁ ngoĂ i táş§m váťi cáť§a tráşť em vĂ  váş­t nuĂ´i. KhĂ´ng Äáť báşŁ tiáşżp xĂşc tháťąc pháşŠm; thu gom bao bĂŹ, báşŁ tháťŤa vĂ  xĂĄc cĂ´n trĂšng/chuáťt theo hĆ°áťng dáşŤn.	TuĂ˝p báşŁ gel.	2026-07-09 10:36:16.705+00	2026-07-04 08:27:49.426+00	5
45	cypado-25ec-1-lit	Cypado 25EC - 1 lĂ­t	8	Cháşż pháşŠm dáşĄng EC háť tráťŁ kiáťm soĂĄt muáťi, ruáťi, giĂĄn vĂ  kiáşżn.	Cypado 25EC lĂ  cháşż pháşŠm dáşĄng nhĹŠ dáş§u do Ea Chem (Viáťt Nam) sáşŁn xuáşĽt theo cĂ´ng ngháť Nháş­t BáşŁn, theo thĂ´ng tin mĂ´ táşŁ. SáşŁn pháşŠm háť tráťŁ phĂ˛ng tráťŤ muáťi, ruáťi, giĂĄn, kiáşżn vĂ  cĂĄc cĂ´n trĂšng gĂ˘y háşĄi khĂĄc trong nhĂ .	2	Cypermethrin 10% w/w.	Pha vĂ  phun theo ÄĂşng táťˇ láť trĂŞn nhĂŁn; xáť­ lĂ˝ khu váťąc cĂ´n trĂšng xuáşĽt hiáťn vĂ  tuĂ˘n tháť§ hĆ°áťng dáşŤn an toĂ n.	Äáťc káťš nhĂŁn vĂ  sáť­ dáťĽng ÄĂşng hĆ°áťng dáşŤn. Mang báşŁo háť phĂš háťŁp; Äáť xa tráşť em, tháťąc pháşŠm, nguáťn nĆ°áťc vĂ  váş­t nuĂ´i. KhĂ´ng dĂšng cho máťĽc ÄĂ­ch khĂĄc.	Chai 1 lĂ­t.	2026-07-08 13:54:13.916+00	2026-07-04 08:27:49.426+00	\N
35	permethor-shield-1-lit	Permethor Shield Liquid Insecticide - 1 lĂ­t	8	Cháşż pháşŠm Permethrin 50% háť tráťŁ kiáťm soĂĄt muáťi, giĂĄn, kiáşżn vĂ  ruáťi.	Permethor Shield lĂ  cháşż pháşŠm cháťŠa Permethrin 50%, ÄĆ°áťŁc mĂ´ táşŁ dĂšng Äáť kiáťm soĂĄt muáťi, giĂĄn, kiáşżn vĂ  ruáťi trong nhĂ . SáşŁn pháşŠm thuáťc dĂ˛ng EC, cĂł mĂši nháşš vĂ  cáş§n pha theo táťˇ láť nhĂ  sáşŁn xuáşĽt quy Äáťnh.	108	Permethrin 50% w/v (500 g/L).	Pha theo táťˇ láť ghi trĂŞn nhĂŁn vĂ  phun táşĄi khu váťąc cĂ´n trĂšng hoáşĄt Äáťng; khĂ´ng táťą Ă˝ tÄng náťng Äáť.	Äáťc káťš nhĂŁn vĂ  sáť­ dáťĽng ÄĂşng hĆ°áťng dáşŤn. Mang báşŁo háť phĂš háťŁp; Äáť xa tráşť em, tháťąc pháşŠm, nguáťn nĆ°áťc vĂ  váş­t nuĂ´i. KhĂ´ng dĂšng cho máťĽc ÄĂ­ch khĂĄc.	Chai 1 lĂ­t.	2026-07-06 05:21:52.177+00	2026-07-04 08:27:49.426+00	\N
11	suspend-flexx-insecticide-500ml	Suspend Flexx Insecticide - 500ml	8	Thuáťc phun táťn lĆ°u Äa báť máşˇt váťi cĂ´ng ngháť Partix.	Suspend Flexx Insecticide sáť­ dáťĽng hoáşĄt cháşĽt Deltamethrin vĂ  cĂ´ng ngháť Partix, háť tráťŁ xáť­ lĂ˝ cĂ´n trĂšng trĂŞn nhiáťu báť máşˇt váş­t liáťu. Theo mĂ´ táşŁ, sáşŁn pháşŠm phun táťn lĆ°u, khĂ´ng mĂši vĂ  Ă­t gĂ˘y kĂ­ch áťŠng khi sáť­ dáťĽng ÄĂşng hĆ°áťng dáşŤn.	108	Deltamethrin 2,45%.	Pha vĂ  phun táťn lĆ°u trĂŞn báť máşˇt theo ÄĂşng hĆ°áťng dáşŤn trĂŞn nhĂŁn; táş­p trung vĂ o khu váťąc cĂ´n trĂšng thĆ°áťng di chuyáťn hoáşˇc trĂş áşŠn.	Äáťc káťš nhĂŁn vĂ  sáť­ dáťĽng ÄĂşng hĆ°áťng dáşŤn. Mang báşŁo háť phĂš háťŁp; Äáť xa tráşť em, tháťąc pháşŠm, nguáťn nĆ°áťc vĂ  váş­t nuĂ´i. KhĂ´ng dĂšng cho máťĽc ÄĂ­ch khĂĄc.	Chai 500 ml.	2026-07-08 13:53:30.914+00	2026-07-04 08:27:49.426+00	1
47	seclira-gel	SecliraÂŽ 96X0,03 KG Fibreboard boxes	7	BáşŁ gel diáťt giĂĄn cháťŠa Dinotefuran 0,5% w/v.	Seclira lĂ  báşŁ gel kiáťm soĂĄt giĂĄn ÄáťŠc vĂ  giĂĄn Máťš cho nhĂ  áť, cÄn háť, khĂĄch sáşĄn, trĆ°áťng háťc, báťnh viáťn, siĂŞu tháť vĂ  cĆĄ sáť sáşŁn xuáşĽt. Theo mĂ´ táşŁ, sáşŁn pháşŠm cĂł cĆĄ cháşż lan truyáťn vĂ  cĂł tháť háť tráťŁ xáť­ lĂ˝ giĂĄn non láşŤn giĂĄn trĆ°áťng thĂ nh.	130	Dinotefuran 0,5% w/v.	CháşĽm/Äáşˇt báşŁ táşĄi váť trĂ­ giĂĄn kiáşżm Än, ÄĆ°áťng Äi, khe káş˝ vĂ  khu váťąc trĂş áşŠn theo hĆ°áťng dáşŤn trĂŞn nhĂŁn.	Äáşˇt báşŁ ngoĂ i táş§m váťi cáť§a tráşť em vĂ  váş­t nuĂ´i. KhĂ´ng Äáť báşŁ tiáşżp xĂşc tháťąc pháşŠm; thu gom bao bĂŹ, báşŁ tháťŤa vĂ  xĂĄc cĂ´n trĂšng/chuáťt theo hĆ°áťng dáşŤn.	TuĂ˝p báşŁ gel.	2026-07-09 10:22:46.231+00	2026-07-04 08:27:49.426+00	6
48	seclira-gel-ba-gian	BáşŁ giĂĄn Seclira	7	BáşŁ gel diáťt giĂĄn cháťŠa Dinotefuran 0,5% w/v.	Seclira lĂ  báşŁ gel kiáťm soĂĄt giĂĄn ÄáťŠc vĂ  giĂĄn Máťš cho nhĂ  áť, cÄn háť, khĂĄch sáşĄn, trĆ°áťng háťc, báťnh viáťn, siĂŞu tháť vĂ  cĆĄ sáť sáşŁn xuáşĽt. Theo mĂ´ táşŁ, sáşŁn pháşŠm cĂł cĆĄ cháşż lan truyáťn vĂ  cĂł tháť háť tráťŁ xáť­ lĂ˝ giĂĄn non láşŤn giĂĄn trĆ°áťng thĂ nh.	158	Dinotefuran 0,5% w/v.\n	CháşĽm/Äáşˇt báşŁ táşĄi váť trĂ­ giĂĄn kiáşżm Än, ÄĆ°áťng Äi, khe káş˝ vĂ  khu váťąc trĂş áşŠn theo hĆ°áťng dáşŤn trĂŞn nhĂŁn.\n	Äáşˇt báşŁ ngoĂ i táş§m váťi cáť§a tráşť em vĂ  váş­t nuĂ´i. KhĂ´ng Äáť báşŁ tiáşżp xĂşc tháťąc pháşŠm; thu gom bao bĂŹ, báşŁ tháťŤa vĂ  xĂĄc cĂ´n trĂšng/chuáťt theo hĆ°áťng dáşŤn.\n	TuĂ˝p báşŁ gel.	2026-07-09 10:29:02.651+00	2026-07-09 10:29:02.651+00	6
8	aqua-resigen-10-4ew-1-lit	Aqua Resigen 10.4EW - 1 lĂ­t	8	Cháşż pháşŠm háť tráťŁ kiáťm soĂĄt muáťi, ruáťi, giĂĄn vĂ  kiáşżn; phĂš háťŁp xáť­ lĂ˝ cĂ´n trĂšng bay.	Aqua Resigen 10.4EW lĂ  cháşż pháşŠm diáťt cĂ´n trĂšng dĂšng cho muáťi, ruáťi, giĂĄn vĂ  kiáşżn. SáşŁn pháşŠm phĂš háťŁp cho xáť­ lĂ˝ khĂ´ng gian, cĂł mĂši nháşš/khĂ´ng mĂši theo thĂ´ng tin mĂ´ táşŁ vĂ  kháşŁ nÄng táťn lĆ°u trĂŞn báť máşˇt.	161	Permethrin vĂ  S-bioallethrin.	Pha loĂŁng vĂ  phun khĂ´ng gian hoáşˇc phun táťn lĆ°u theo ÄĂşng liáťu lĆ°áťŁng trĂŞn nhĂŁn; xáť­ lĂ˝ nĆĄi muáťi, ruáťi vĂ  cĂ´n trĂšng xuáşĽt hiáťn.	Äáťc káťš nhĂŁn vĂ  sáť­ dáťĽng ÄĂşng hĆ°áťng dáşŤn. Mang báşŁo háť phĂš háťŁp; Äáť xa tráşť em, tháťąc pháşŠm, nguáťn nĆ°áťc vĂ  váş­t nuĂ´i. KhĂ´ng dĂšng cho máťĽc ÄĂ­ch khĂĄc.	Chai 1 lĂ­t.	2026-07-09 10:40:48.549+00	2026-07-04 08:27:49.426+00	1
14	gel-diet-gian-blattanex	Gel GiĂĄn Blattanex	7	BáşŁ gel cháťŠa Imidacloprid, háť tráťŁ xáť­ lĂ˝ giĂĄn ÄáťŠc vĂ  giĂĄn Máťš.	Blattanex lĂ  báşŁ diáťt giĂĄn dáşĄng gel váťi hoáşĄt cháşĽt Imidacloprid. SáşŁn pháşŠm ÄĆ°áťŁc phĂĄt triáťn cho viáťc kiáťm soĂĄt cĂĄc loĂ i giĂĄn pháť biáşżn, trong ÄĂł cĂł giĂĄn ÄáťŠc vĂ  giĂĄn Máťš, phĂš háťŁp Äáşˇt táşĄi váť trĂ­ giĂĄn kiáşżm Än, trĂş áşŠn vĂ  ÄĆ°áťng Äi.	118	Imidacloprid 2,15%.	CháşĽm/Äáşˇt báşŁ táşĄi khe káş˝, gĂłc táť§, ÄĆ°áťng Äi vĂ  nĆĄi giĂĄn hoáşĄt Äáťng theo hĆ°áťng dáşŤn trĂŞn nhĂŁn; kiáťm tra vĂ  báť sung khi cáş§n.	Äáşˇt báşŁ ngoĂ i táş§m váťi cáť§a tráşť em vĂ  váş­t nuĂ´i. KhĂ´ng Äáť báşŁ tiáşżp xĂşc tháťąc pháşŠm; thu gom bao bĂŹ, báşŁ tháťŤa vĂ  xĂĄc cĂ´n trĂšng/chuáťt theo hĆ°áťng dáşŤn.	TuĂ˝p báşŁ gel.	2026-07-09 10:42:18.469+00	2026-07-04 08:27:49.426+00	1
29	optigard-cockroach	BáşŁ GiĂĄn Optigard Cockroach	7	BáşŁ gel cĂ´ Äáşˇc cho giĂĄn Máťš, giĂĄn ÄáťŠc vĂ  giĂĄn PhĆ°ĆĄng ÄĂ´ng.	Optigard Cockroach lĂ  sáşŁn pháşŠm báşŁ gel cĂ´ Äáşˇc ÄĂłng gĂłi dáşĄng bĆĄm tiĂŞm. SáşŁn pháşŠm ÄĆ°áťŁc mĂ´ táşŁ lĂ  giáşŁi phĂĄp xáť­ lĂ˝ cĂĄc loĂ i giĂĄn pháť biáşżn trong nhĂ  nhĆ° giĂĄn Máťš, giĂĄn ÄáťŠc vĂ  giĂĄn PhĆ°ĆĄng ÄĂ´ng.	81	Emamectin benzoate.	CháşĽm/Äáşˇt báşŁ táşĄi khe káş˝, gĂłc táť§, khu váťąc giĂĄn kiáşżm Än vĂ  nĆĄi trĂş áşŠn theo hĆ°áťng dáşŤn trĂŞn nhĂŁn.	Äáşˇt báşŁ ngoĂ i táş§m váťi cáť§a tráşť em vĂ  váş­t nuĂ´i. KhĂ´ng Äáť báşŁ tiáşżp xĂşc tháťąc pháşŠm; thu gom bao bĂŹ, báşŁ tháťŤa vĂ  xĂĄc cĂ´n trĂšng/chuáťt theo hĆ°áťng dáşŤn.	TuĂ˝p/bĆĄm tiĂŞm báşŁ gel.	2026-07-09 10:43:30.458+00	2026-07-04 08:27:49.426+00	4
\.


--
-- Data for Name: products_certifications; Type: TABLE DATA; Schema: public; Owner: neondb_owner
--

COPY public.products_certifications (_order, _parent_id, id, value) FROM stdin;
1	16	9864fc765f5a48a9ae010985	WHO khuyáşżn ngháť hoáşĄt cháşĽt Cyphenothrin (theo mĂ´ táşŁ sáşŁn pháşŠm)
1	22	38cef716db91495b93a3ee0c	WHO vĂ  FAO ghi nháş­n theo mĂ´ táşŁ sáşŁn pháşŠm
1	24	4da11f0984be4aae9042edd8	WHO vĂ  FAO ghi nháş­n theo mĂ´ táşŁ sáşŁn pháşŠm
\.


--
-- Data for Name: products_rels; Type: TABLE DATA; Schema: public; Owner: neondb_owner
--

COPY public.products_rels (id, "order", parent_id, path, media_id) FROM stdin;
159	1	48	galleryImages	160
160	2	48	galleryImages	159
161	3	48	galleryImages	158
162	1	37	galleryImages	115
163	2	37	galleryImages	114
164	3	37	galleryImages	113
165	4	37	galleryImages	112
166	1	38	galleryImages	116
167	1	42	galleryImages	109
168	1	8	galleryImages	161
169	2	8	galleryImages	162
170	1	14	galleryImages	118
171	1	29	galleryImages	83
172	2	29	galleryImages	82
173	3	29	galleryImages	81
38	1	35	galleryImages	108
39	2	35	galleryImages	62
43	1	28	galleryImages	83
44	2	28	galleryImages	82
45	3	28	galleryImages	81
46	1	19	galleryImages	135
89	1	46	galleryImages	115
90	2	46	galleryImages	114
91	3	46	galleryImages	113
92	4	46	galleryImages	112
93	1	10	galleryImages	136
94	1	13	galleryImages	134
96	1	15	galleryImages	126
97	1	16	galleryImages	65
98	2	16	galleryImages	64
99	3	16	galleryImages	63
100	1	17	galleryImages	79
101	2	17	galleryImages	77
102	3	17	galleryImages	76
103	4	17	galleryImages	74
104	5	17	galleryImages	69
105	6	17	galleryImages	66
106	1	18	galleryImages	78
107	1	20	galleryImages	73
108	2	20	galleryImages	72
109	3	20	galleryImages	71
110	4	20	galleryImages	68
111	1	22	galleryImages	104
112	2	22	galleryImages	100
113	3	22	galleryImages	99
114	4	22	galleryImages	94
115	1	23	galleryImages	103
116	2	23	galleryImages	102
117	3	23	galleryImages	101
118	4	23	galleryImages	98
119	5	23	galleryImages	96
120	1	25	galleryImages	97
121	2	25	galleryImages	95
122	1	26	galleryImages	93
123	2	26	galleryImages	92
124	3	26	galleryImages	91
125	4	26	galleryImages	90
126	5	26	galleryImages	89
127	6	26	galleryImages	88
128	1	27	galleryImages	93
129	2	27	galleryImages	92
130	3	27	galleryImages	91
131	4	27	galleryImages	90
132	5	27	galleryImages	89
133	6	27	galleryImages	88
137	1	32	galleryImages	87
138	2	32	galleryImages	86
139	3	32	galleryImages	85
140	4	32	galleryImages	84
141	1	33	galleryImages	87
142	2	33	galleryImages	86
143	3	33	galleryImages	85
144	4	33	galleryImages	84
145	1	36	galleryImages	110
151	1	39	galleryImages	111
157	1	41	galleryImages	157
158	1	47	galleryImages	130
\.


--
-- Data for Name: products_specs; Type: TABLE DATA; Schema: public; Owner: neondb_owner
--

COPY public.products_specs (_order, _parent_id, id, label, value) FROM stdin;
1	41	b2380f77581d45ff86075fd4	CĆĄ cháşż hoáşĄt Äáťng	BĂłp bĂłng cao su táşĄo ĂĄp suáşĽt
2	41	5a39c3b03d8942a48f0fbf9e	VĂ˛i phun	CĂĄc cáťĄ 2,0 mm; 2,45 mm; 3,0 mm theo mĂ´ táşŁ
3	41	1901a4cc783e49269bedc4be	áť¨ng dáťĽng	Phun báťt Diathor vĂ o khe háť
4	41	85932509135c435383b5fda5	HĂŁng sáşŁn xuáşĽt	Ensystex
1	37	03c5a18ef7c84640867f97c2	HoáşĄt cháşĽt	Tinh dáş§u tháťąc váş­t thiĂŞn nhiĂŞn
2	37	632c5305be3b43ce91a1108b	DáşĄng	Dung dáťch
3	37	b104993d94cd4598b038f5f2	Äáťi tĆ°áťŁng	RáşŻn, tháşąn láşąn
4	37	54541a5b458d40b090f9c5ee	HĂŁng sáşŁn xuáşĽt	Ensystex
1	42	7303f0f4533b4fd3ae2abff0	HoáşĄt cháşĽt	Indoxacarb
2	42	88c59403ea9f4cd1bde59d57	DáşĄng	BáşŁ gel
3	42	31205f365dce4ef497b75e95	Äáťi tĆ°áťŁng xáť­ lĂ˝	GiĂĄn
4	42	48dfbe7b1f484548af4a781f	HĂŁng sáşŁn xuáşĽt	Ensystex
1	14	3fabf94bb321444ab5952aab	HoáşĄt cháşĽt	Imidacloprid 2,15%
2	14	72772e37b478439fab1d3d23	DáşĄng	BáşŁ gel
3	14	f8996e3720a14f8b804c7735	Äáťi tĆ°áťŁng xáť­ lĂ˝	GiĂĄn ÄáťŠc, giĂĄn Máťš
4	14	b68add6c908b4295891078f9	HĂŁng sáşŁn xuáşĽt	Envu
1	29	61f91508492d405da22d3c30	HoáşĄt cháşĽt	Emamectin benzoate
2	29	9055214aab504e2da8a77574	DáşĄng	BáşŁ gel/bĆĄm tiĂŞm
3	29	5202a2431cab4a48a98b7dc8	Äáťi tĆ°áťŁng xáť­ lĂ˝	GiĂĄn Máťš, giĂĄn ÄáťŠc, giĂĄn PhĆ°ĆĄng ÄĂ´ng
4	29	a0d591e385ed45bbba6b76e9	HĂŁng sáşŁn xuáşĽt	Syngenta
1	46	d0dab789fe2e4833900c2b16	HoáşĄt cháşĽt	Cedarwood oil 2,92% w/w; Cinnamon oil 1,47% w/w
2	46	b58b371193714e3f9d934e64	DáşĄng	HáşĄt/Granular
3	46	d60b5a7aa22f4ae58aa59054	Äáťi tĆ°áťŁng	RáşŻn, tháşąn láşąn
4	46	31b240e3d3424696895614b1	Quy cĂĄch	ThĂšng 9 kg
1	34	f91d052edeba4a94b54ff304	HoáşĄt cháşĽt	Bifenthrin 4,5%; Imidacloprid 5,5%
2	34	49da08edf2ee4fd9acaf1ed2	DáşĄng	Dung dáťch insecticide
3	34	cb4d12808cf3475fb0c5a362	Äáťi tĆ°áťŁng xáť­ lĂ˝	Muáťi, giĂĄn, kiáşżn, ráťp giĆ°áťng, báť chĂŠt, báť ve
4	34	d873a6a0df3c4fb1a792fb33	Táťn lĆ°u	Theo mĂ´ táşŁ: Äáşżn 6 thĂĄng
1	28	72fe6fb7cb874ef7b966760a	HoáşĄt cháşĽt	Thiamethoxam
2	28	edc9644306ac4fb38bbf38f2	DáşĄng	BáşŁ gel
3	28	de19213b9f5e4c2391df64c2	Äáťi tĆ°áťŁng xáť­ lĂ˝	Kiáşżn
4	28	b7c29cf4bb1d42f7b22b9276	CĆĄ cháşż	BáşŁ cĂł tĂĄc Äáťng cháş­m, háť tráťŁ lan truyáťn trong ÄĂ n
1	19	b2c096036f264e9287076bea	HoáşĄt cháşĽt	Pyriproxyfen
2	19	94c3f7ce9aa54321bc696f21	DáşĄng	Dung dáťch
3	19	2afb00f97c84428abb03fbdc	Äáťi tĆ°áťŁng xáť­ lĂ˝	GiĂĄn, muáťi, báť chĂŠt; kiáťm soĂĄt áşĽu trĂšng
4	19	61b3665346974f1cbbdecaa8	Quy cĂĄch	140 ml; pha 520 lĂ­t nĆ°áťc theo mĂ´ táşŁ
1	47	147707dd633d4dc4be2da1ba	HoáşĄt cháşĽt	Dinotefuran 0,5% w/v
2	47	e1671395ff8a47fcacee8b22	DáşĄng	BáşŁ gel
3	47	03d16a581cb649c98bc2ad7d	Äáťi tĆ°áťŁng xáť­ lĂ˝	GiĂĄn ÄáťŠc, giĂĄn Máťš
4	47	b99d2a0bb4bb4655a496363d	HĂŁng sáşŁn xuáşĽt	BASF
1	38	4498ca231e064e5386323447	HoáşĄt cháşĽt	Chlorfluazuron
2	38	590c148c78614e9f9c8f3d01	DáşĄng	BáşŁ diáťt máťi
3	38	cb84c7e1e02f42bab21d9bcc	Äáťi tĆ°áťŁng xáť­ lĂ˝	Máťi
4	38	9ce5be44bdc04791a344472f	HĂŁng sáşŁn xuáşĽt	Ensystex
1	8	4804992216d24302aa0c35a9	HoáşĄt cháşĽt	Permethrin vĂ  S-bioallethrin
2	8	be2d9ebbcb554961b7c25df3	DáşĄng	Dung dáťch 10.4EW
3	8	c822c1454a8f432994eda546	Äáťi tĆ°áťŁng xáť­ lĂ˝	Muáťi, ruáťi, giĂĄn, kiáşżn
4	8	9d2acc9619604bc9be3d8165	HĂŁng sáşŁn xuáşĽt	Envu
1	30	b995f548d0724a49bcc1493f	HoáşĄt cháşĽt	Indoxacarb
2	30	8c8e42bc55804f48a9a492da	DáşĄng	BáşŁ gel
3	30	f9cf8cabab104c9fbe971cab	Äáťi tĆ°áťŁng xáť­ lĂ˝	GiĂĄn
4	30	099ea53b62ce449bbe9cfef0	HĂŁng sáşŁn xuáşĽt	Syngenta
1	35	9eeb3b47856242029a42a9a2	HoáşĄt cháşĽt	Permethrin 50% w/v (500 g/L)
2	35	a1c55b0c88a34cb49289aeca	DáşĄng	EC
3	35	896204d1d1ac464783996b02	Äáťi tĆ°áťŁng xáť­ lĂ˝	Muáťi, giĂĄn, kiáşżn, ruáťi
4	35	ea4a42f7e9f444e9b319896e	XuáşĽt xáťŠ	Hoa Káťł theo mĂ´ táşŁ
1	9	6869591f1d724a5d8ebfb31c	HoáşĄt cháşĽt	Deltamethrin 2,5% (25 g/L)
2	9	0f1966113c764253b40d1101	DáşĄng	Dung dáťch EC
3	9	390495dac51643f8aaadd3be	Äáťi tĆ°áťŁng xáť­ lĂ˝	Máťi, máťt
4	9	dd1795a2c47543c0aac072a5	HĂŁng sáşŁn xuáşĽt	Bayer/Envu
1	10	29a93c1d0345493b8a966256	HoáşĄt cháşĽt	Transfluthrin 4,87% w/w; Flupyradifurone 2,44% w/w
2	10	c9c677d289134f10a49cf7ad	DáşĄng	Dung dáťch insecticide
1	39	7bd3d9cbdb4d4cf79840c6aa	HoáşĄt cháşĽt	Deltamethrin
2	39	cfcccd64f64e49a38ae6d6c5	DáşĄng	Smoke generator/lon táşĄo khĂłi
3	39	8a628f5ad1f34401ae19a7f7	CáťĄ háşĄt	Theo mĂ´ táşŁ: 1 micron
4	39	6ea36782bb104a75858ce732	HĂŁng sáşŁn xuáşĽt	Ensystex
1	45	44fba72feaa1420dac08f66e	HoáşĄt cháşĽt	Cypermethrin 10% w/w
2	45	1b6d1161f494466a92fcebb1	DáşĄng	25EC
3	45	b4ca23d641f54a0f91e65fca	Äáťi tĆ°áťŁng xáť­ lĂ˝	Muáťi, ruáťi, giĂĄn, kiáşżn
4	45	98fc4808706242be9939edda	HĂŁng sáşŁn xuáşĽt	Ea Chem (Viáťt Nam)
3	10	78639dce1b394c03b904de8c	Äáťi tĆ°áťŁng xáť­ lĂ˝	Muáťi, Äáşˇc biáťt muáťi khĂĄng pyrethroid
4	10	d1911426808649289709bac5	HĂŁng sáşŁn xuáşĽt	Envu
1	11	4aa18ea9af7845809610b006	HoáşĄt cháşĽt	Deltamethrin 2,45%
2	11	8d50df9b1e82431493b6b1e0	DáşĄng	Dung dáťch phun táťn lĆ°u
3	11	889497fec75949d7ab9c92a2	Äáşˇc Äiáťm	CĂ´ng ngháť Partix
4	11	d348aaf9f22e496d954ede6b	HĂŁng sáşŁn xuáşĽt	Envu
1	13	4bd266e58d63471582ec284f	HoáşĄt cháşĽt	Coumatetralyl 7,5 g/kg
2	13	848fa74e6f9c4b1db2dfe6bd	DáşĄng	Báťt
3	13	a304b7e3fdb64b16808ca3e3	Äáťi tĆ°áťŁng xáť­ lĂ˝	Chuáťt
4	13	e112a8f65ac24d33a99551a7	HĂŁng sáşŁn xuáşĽt	Envu
1	15	c960fbc6a4f2420b84c609e2	HoáşĄt cháşĽt	Imidacloprid 0,03% w/w
2	15	a1a7cdad8a024b69a8462ec0	DáşĄng	BáşŁ gel
3	15	de6ddc35faf84a1197284990	Äáťi tĆ°áťŁng xáť­ lĂ˝	Kiáşżn
4	15	1809a8be5a2e4e80b1044e83	HĂŁng sáşŁn xuáşĽt	Envu
1	16	b158c7040cb54354874ef686	HoáşĄt cháşĽt	d-Tetramethrin 4,43% w/w; Cyphenothrin 13,30% w/w
2	16	aadfca8ec850424196bdab7e	DáşĄng	Dung dáťch insecticide
3	16	3f9f1f86d2444fd98883d1bc	Äáťi tĆ°áťŁng xáť­ lĂ˝	Muáťi, ruáťi, kiáşżn, giĂĄn
4	16	685c276e42fd4318be023699	HĂŁng sáşŁn xuáşĽt	Sumitomo
1	17	7981f7ce361e41d38bc0b04e	HoáşĄt cháşĽt	Metofluthrin 0,1%; d,d,t-Cyphenothrin 6%; Piperonyl butoxide 10%
2	17	21f24ef3b9d94a06afcfa541	DáşĄng	EW
3	17	ba1e997b539e4eb7be058c49	PhĆ°ĆĄng phĂĄp	Phun khĂ´ng gian hoáşˇc phun mĂš nĂłng
4	17	485c5d34c263443d8568d152	HĂŁng sáşŁn xuáşĽt	Sumitomo
1	18	3b35be49de5b45719252f051	HoáşĄt cháşĽt	D-phenothrin 10%
2	18	e2cfe36b35ea4bbd93bc062b	DáşĄng	SEC
3	18	0c889f61e23b47638fd777de	Äáťi tĆ°áťŁng xáť­ lĂ˝	Muáťi vĂ  cĂ´n trĂšng
4	18	371fcfd10650495a8c63981b	HĂŁng sáşŁn xuáşĽt	Sumitomo
1	20	689550ddac7a4f908de21f1c	HoáşĄt cháşĽt	Fenvalerate 10% w/w (100 g/L)
2	20	ddce589a338f40679447819f	DáşĄng	SC
3	20	4eb6383caff54977b71bfd43	Äáťi tĆ°áťŁng xáť­ lĂ˝	Máťi
4	20	2325689f44ab4adf87367347	HĂŁng sáşŁn xuáşĽt	Sumitomo
1	22	99724dac8168462695e5c03b	HoáşĄt cháşĽt	Lambda-cyhalothrin 10% (100 g/L)
2	22	3a63f26f5ce14b4ea9c5b450	DáşĄng	CS
3	22	8560b9c657964a2da894daa2	Äáťi tĆ°áťŁng xáť­ lĂ˝	Muáťi, ruáťi, giĂĄn
4	22	05695bd69a9f45189180206f	HĂŁng sáşŁn xuáşĽt	Syngenta
1	23	5e51128459ef41cd99564b7f	HoáşĄt cháşĽt	Lambda-cyhalothrin
2	23	511d2b7bfd9d4de8be434a84	DáşĄng	2,5EW
3	23	01f31f04dfde4b8881de53da	Äáťi tĆ°áťŁng xáť­ lĂ˝	Muáťi, kiáşżn, giĂĄn, ruáťi, báť chĂŠt, báť ve, nháťn
4	23	b671364f696743949924e6ec	HĂŁng sáşŁn xuáşĽt	Syngenta
1	24	edc656ffa42b47579c5205d7	HoáşĄt cháşĽt	Lambda-cyhalothrin
2	24	c16df8c0b846455fa8d314e5	DáşĄng	10CS
3	24	d241e6dbd5d3404184a66b00	Äáťi tĆ°áťŁng xáť­ lĂ˝	Muáťi, ruáťi, giĂĄn
4	24	13ce6096d8024a74a04ca2bd	HĂŁng sáşŁn xuáşĽt	Syngenta
1	25	c2198b8810f84708bf381d27	HoáşĄt cháşĽt	Lambda-cyhalothrin
2	25	79eb6bc5c98d4d97b5dddc37	DáşĄng	2,5CS
3	25	82396bee18574e0c96f4fee0	Äáťi tĆ°áťŁng xáť­ lĂ˝	CĂ´n trĂšng bay vĂ  bĂ˛ trong nhĂ 
4	25	67186f9cb9da4be38928c2db	HĂŁng sáşŁn xuáşĽt	Syngenta
1	26	318570f68520463b9c154de7	HoáşĄt cháşĽt	Permethrin 50% (500 g/L)
2	26	678ffe53af8548f3b44ab7f9	DáşĄng	50EC
3	26	a4476d1b607949e3a5622b45	Äáťi tĆ°áťŁng xáť­ lĂ˝	Muáťi vĂ  cĂ´n trĂšng
4	26	7e8f89214f65430889494149	HĂŁng sáşŁn xuáşĽt	Syngenta
1	27	ba890e12e9184a399be6c3c3	HoáşĄt cháşĽt	Permethrin 50% (500 g/L)
2	27	f62ade1d3e6743b7969cbf66	DáşĄng	50EC
3	27	ba64989493fb4f819c847275	Äáťi tĆ°áťŁng xáť­ lĂ˝	Muáťi vĂ  cĂ´n trĂšng
4	27	55acdc4e24a14bf39b966ea2	HĂŁng sáşŁn xuáşĽt	Syngenta
1	31	402c86c8fa864c85ba3e6409	HoáşĄt cháşĽt	Indoxacarb 20% w/w
2	31	7e881b7e24a84704b5ac21a3	DáşĄng	Cháşż pháşŠm insecticide
3	31	f001ea01ad7e4c4d9e42034d	Äáťi tĆ°áťŁng xáť­ lĂ˝	CĂ´n trĂšng gĂ˘y háşĄi
4	31	7f86628a86f441779147ec3c	HĂŁng sáşŁn xuáşĽt	Syngenta
1	32	4c7e1abd05b345dba143672a	HoáşĄt cháşĽt	Brodifacoum 0,005%
2	32	1ca96088c9d0498b90bdaad8	DáşĄng	BáşŁ viĂŞn nĂŠn/Wax Block Bait
3	32	68ad64c7ffa54b38a109da31	Äáťi tĆ°áťŁng xáť­ lĂ˝	Chuáťt
4	32	28dc588e31c1436b93e69744	HĂŁng sáşŁn xuáşĽt	Syngenta
1	33	ffb19779e89d44ce9dc9d864	HoáşĄt cháşĽt	Brodifacoum 0,005%
2	33	0f12ce7571914525b9721894	DáşĄng	BáşŁ viĂŞn nĂŠn/Wax Block Bait
3	33	2012feb681d94effaa337517	Äáťi tĆ°áťŁng xáť­ lĂ˝	Chuáťt
4	33	ea78aef796b54207bdc46f16	HĂŁng sáşŁn xuáşĽt	Syngenta
1	36	c9f70482a9114ff7a354f072	HoáşĄt cháşĽt	Bifenthrin 100 g/L
2	36	d7653162a6cb4d2e822c0b10	DáşĄng	Dung dáťch insecticide
3	36	fa4960cd61894f14a4ee57d4	Äáťi tĆ°áťŁng xáť­ lĂ˝	Ruáťi, muáťi, kiáşżn, giĂĄn, ráťp, báť chĂŠt
4	36	a979b95c53ba4a48ae3a9695	HĂŁng sáşŁn xuáşĽt	Ensystex
\.


--
-- Data for Name: products_tags; Type: TABLE DATA; Schema: public; Owner: neondb_owner
--

COPY public.products_tags (_order, _parent_id, id, value) FROM stdin;
1	35	2fbd59d4569947a7902cb0d1	Muáťi
2	35	5923b53d91bc45dd8a7062fc	GiĂĄn
3	35	4e83b4de53294ff398f89066	Kiáşżn
4	35	c262b08e0ae8437fa0928971	Ruáťi
5	35	ccd7c2115670428bbb3353ee	Permethrin
6	35	0490cc591648452596bfda7d	50%
7	35	2f53b1ad4d7a4f46bf609f9f	Ensystex
1	19	e5c0e0483c964fe7b917fe27	Pyriproxyfen
2	19	f54e678aff4c4acf841482f4	Kiáťm soĂĄt vĂ˛ng Äáťi
3	19	9025443ac5e94de8831ca24c	GiĂĄn
1	41	e6df99e92883414abd925e84	DáťĽng cáťĽ phun báťt
2	41	bec33ad5db77469889c39f11	Diathor
3	41	c104ab71bb4643dda1ce6483	Xáť­ lĂ˝ khe háť
4	19	f511b40756cd4ee8ad5f18d1	Muáťi
5	19	42074b98dd9241af8907c6c9	Báť chĂŠt
6	19	e1fb6a7093584f8c8fc729eb	Sumitomo
4	41	0a104a4046ee4009b1d00a4d	Ensystex
1	38	39b4a775ed8542f0bfdeb1aa	Máťi
2	38	d080774d7e3d43fab191a420	BáşŁ máťi
3	38	f7fd5c0685bb41cba72ac78b	Chlorfluazuron
4	38	043076c6a45042639c5a9d12	DáşŤn dáťĽ
5	38	8c0502a3a791422ab6d10659	Ensystex
1	14	137a6495b36c43e5ad6da7a5	GiĂĄn ÄáťŠc
2	14	2b2990bb2f9048079e0139d8	GiĂĄn Máťš
3	14	bec75adc6c45447996748af8	BáşŁ gel
4	14	7bd35b809510488798cbae61	Imidacloprid
5	14	d483edb8fc45491aa4f69c50	Envu
1	34	d6876352e0e842e788970d8b	Ráťp giĆ°áťng
2	34	dc0d5f2f1a2f4033aba6cc86	Báť chĂŠt
3	34	6f620fe2b1324f8787b5cb56	Báť ve
4	34	92c659c55be24df181e74d8c	Muáťi
5	34	1f33a56926264207be1a6e27	GiĂĄn
6	34	965f531985ec477f87f0a785	Kiáşżn
7	34	ee5345dca48c4c27894f79d1	Bifenthrin
8	34	9ba210b82c754374b9473972	Imidacloprid
9	34	6a95d9370ad74f8381b924d4	Ensystex
1	47	82c0eb25378f4e479e39b3ed	GiĂĄn ÄáťŠc
2	47	62f90e79af074c7d86e50024	GiĂĄn Máťš
3	47	425b159714e442f1b0e112d1	BáşŁ gel
4	47	174408f3b6254df3aeabd839	Dinotefuran
5	47	98cd72a1b95840d593553698	BASF
6	47	8a5d6fd87bda4bf69dfdd74e	Lan truyáťn
1	42	7bfeb983c22c4308a51db963	GiĂĄn
2	42	51a3c0d69da04ce6bf7065ee	BáşŁ gel
3	42	306c60b3a80c4596916dde4c	Indoxacarb
4	42	cba2d63dd17d4dcdbda26195	Ensystex
1	30	c0d5a296bfbc46728e7e4843	GiĂĄn
2	30	c8d5487cba6747e9849094b1	BáşŁ gel
3	30	63b3c72e31d64d4bbe29daf0	Indoxacarb
4	30	9f386f0f0f3a4f4c812a550f	Lan truyáťn
1	28	a529d9cbe9d64175958ad7fb	Kiáşżn
2	28	6b951e4a6c234fd5a70d7506	Thiamethoxam
1	46	760f53a6255340aa9309d7ea	Xua ráşŻn
2	46	85c482db7be746aaaa850e61	Xua tháşąn láşąn
3	46	0310d46d7fc44368848c2ef3	DáşĄng háşĄt
4	46	6ac04053eeb94f8a9d8adf32	Tinh dáş§u tuyáşżt tĂšng
5	46	350a6f54181141e7ad5d15e5	Tinh dáş§u quáşż
3	28	cee9f3ab55094e6183b5cf35	BáşŁ kiáşżn
4	28	7c1de66b9a274184929a15d2	Lan truyáťn trong ÄĂ n
5	28	6a5c03636d9c4198b71621fb	Syngenta
5	30	5e6efd1bdeaf46309c447f26	Syngenta
6	46	0e8014b4e1cc4260bd7d021b	Ensystex
1	9	9e9d7bb0ce024625bbcdb8f8	Máťi
2	9	ce5e7f086ddf4faebf143656	Máťt
3	9	1097c75bed474942baa6862e	Deltamethrin
4	9	de4fe1aa00704ca8a66c99dc	Xáť­ lĂ˝ cĂ´ng trĂŹnh
5	9	41989b05b6a5403ba70c5027	Bayer
6	9	80f239000b3c46e8b853914c	Envu
1	10	874a73a0a9664a69ac12429a	Muáťi khĂĄng
2	10	59e10eb98de0494582ae4964	CĆĄ cháşż kĂŠp
3	10	e87f031cf0ab448bad0fe7f1	Flupyradifurone
4	10	adef4b2136e34422a7991fa4	Transfluthrin
5	10	ef1f6e94de41461aa352ff68	Envu
1	11	4893ba00c51540e08939305f	Deltamethrin
2	11	96b7474f70044bf999744921	Phun táťn lĆ°u
3	11	3eae1a63bc9842369904fd9b	CĂ´ng ngháť Partix
4	11	a88c99c6956a4a9eac3fb3e5	Äa báť máşˇt
5	11	6b2e3a3ac6d1425b8d7781aa	Envu
1	13	002cda02e5604b82a62af0b4	Chuáťt
2	13	931b27e5b58d4c6f8ae4af8c	Coumatetralyl
3	13	dec502b8637341399ac14ae4	DáşĄng báťt
4	13	ed0fd5b1f0094a1e9432ba57	BáşŁ chuáťt
5	13	d46261ab53dc497a810f77e8	Quy cĂĄch 1kg
6	13	d173573e75584787899e699b	Envu
1	15	676a1da105814803a2722a26	Kiáşżn
2	15	b4ba535de31e47baa81b38f8	BáşŁ gel
3	15	fe17cea40506472c9018f441	Imidacloprid
4	15	40fa942ca10a49d4921de0df	TuĂ˝p 12g
5	15	b7fef701f50f4bb59e2ccd3c	Envu
1	16	df33e918d0da4041976f6233	Muáťi
2	16	19fc8ca184a7478bb82472d2	Ruáťi
3	16	227c0696eb934a4e93282088	Kiáşżn
4	16	c09cee571d304e1cbbfdd651	GiĂĄn
5	16	30bdbfbe86f5491988d0b427	Cyphenothrin
6	16	3c02fa5889f34074b9fe4bab	Gia dáťĽng
7	16	6720c631da7d470c8f299cb7	Y táşż
8	16	6fa54170aa8d4bae8bd18a75	Sumitomo
1	17	9087f8eef3194adc99311de4	Muáťi
2	17	ecae4bf817944aabb9a0c778	Ruáťi
3	17	6c4906dc8f60465cbf94fbb4	Phun khĂ´ng gian
4	17	3c1872574e3e4e6db4cc83be	Phun mĂš nĂłng
5	17	fe7fa36adbce4ce59187a57f	Sumitomo
1	18	9a68970621b04f33bc6173f3	Muáťi
2	18	383dccc49375492ca5152c9a	CĂ´n trĂšng
3	18	f4a9c9cacae746cca7fb8a02	D-phenothrin
4	18	f9bbdc349a87431db5f0005a	Táťn lĆ°u
5	18	693870a97bf1404690c2918e	Sumitomo
1	20	b5bca98d8f9e4917b315ffa8	Máťi
2	20	dfcb613b101c42d9862543f5	Fenvalerate
3	20	3cd8b0ba5881471c88a0cc21	PhĂ˛ng tráťŤ máťi
4	20	5e0328aa68b84db6bb20a4e4	CĂ´ng trĂŹnh
5	20	31f6c28870b8484ea90e7e3c	Sumitomo
1	22	a4946d38bfba4e4f93a8edf7	Muáťi
2	22	b6132d72e2184b08a1d9878a	Ruáťi
3	22	ea454e08d0a942878e015e7c	GiĂĄn
4	22	7638105e35f740b1a612b3de	Lambda-cyhalothrin
5	22	cdaecd34aac446afbd85eba2	Icon
6	22	29301b0e0211403e83ffe616	Syngenta
1	23	6915b69ff906465cb5e71f4e	Muáťi
2	23	6f0a8fae13e64ccf9da975f9	Kiáşżn
3	23	553049605a284a9d8c6dea51	GiĂĄn
4	23	d6c00731c0e643f3afe1e51a	Ruáťi
5	23	d4bbd0f1cd3841d4b8051c15	Báť chĂŠt
6	23	e5cb65aabf884b7cabc9f70e	Báť ve
7	23	25b6c59b22b3427ba986bbbb	Lambda-cyhalothrin
8	23	01af44f0eebd4973ad7603da	Syngenta
1	24	3bd300f53988497290dab637	Muáťi
2	24	b12ac4062db6495b8378cd75	Ruáťi
3	24	4d06507f733e405d8b73d52c	GiĂĄn
4	24	d58c7ee1b983455ca34d010e	Icon
5	24	9a0a5b44054c42a19bf04bdd	Lambda-cyhalothrin
6	24	98ce07b6173c428b92edb301	Syngenta
1	25	1137b7b4a14c4c71ba98ed05	CĂ´n trĂšng bay
2	25	cb21582340e14a14a3a23be4	CĂ´n trĂšng bĂ˛
3	25	cad72f670c2e4f80baf2d36c	Icon
4	25	7c998fee96e04dcd9fe66bd5	Lambda-cyhalothrin
5	25	772c42d41dbe4e34ae89f0ca	Syngenta
1	26	d488885aaf3743c6ae634872	Muáťi
2	26	fa2a5bca545d425392586369	CĂ´n trĂšng
3	26	72d11062b0e54bc9b111ce3f	Permethrin
4	26	05da51986a784ab6be689ff9	50EC
5	26	08051e136c584f54b9cca1df	Syngenta
1	27	3911bfe09c1d452cb03a218e	Muáťi
2	27	23773fff26644440afb79105	CĂ´n trĂšng
3	27	9749f93c42e042278e78608c	Permethrin
4	27	98e4bcc64c314381bafef704	50EC
5	27	d17bea12ec33482c803749f3	Syngenta
6	27	a31880868be94b6fa3cc173b	100ml
1	31	6f9cdad9e8464d9fad174971	GiĂĄn
2	31	aa28943899ef42f0a5edca2b	CĂ´n trĂšng
3	31	b70bffb6364546b98272a51f	Indoxacarb
4	31	e428c39b6731406f8f217bfc	Syngenta
5	31	633c511c2f2f4df69741bf07	200g
1	32	f5f97e2ff48745f2a9233ae7	Chuáťt
2	32	c43ecf4893364957a71a08d6	BáşŁ viĂŞn
3	32	3600b9aad11843a988d3abe6	Brodifacoum
4	32	74d8048cb2af47cea385d3e6	Wax Block Bait
5	32	ff492326a1d84643a271f227	Syngenta
1	33	b26e25737441407b86a4751d	Chuáťt
2	33	bd83bdfd458c46dd9c623eb9	BáşŁ viĂŞn
3	33	1c7ace7ab23e45d598c8ae26	Brodifacoum
4	33	3d99d4ac18e6463ea12badb6	Wax Block Bait
5	33	079a53fe8c94470aabdfc79f	Syngenta
6	33	639ad765dab44ed897417e31	1kg
1	36	97bbba79371b498b8afd7e2f	Ruáťi
2	36	7f5cec19bcd64e988a44f796	Muáťi
3	36	455e55727ea04f47b0893d6e	Kiáşżn
4	36	8203e818f1ed4808b37e6ea6	GiĂĄn
5	36	05873db74db240dca733e050	Ráťp
6	36	228503bc0e374e2ea5a85582	Báť chĂŠt
7	36	6f22f540e7af437896fa06cc	Bifenthrin
8	36	9dfa33cada464585990e0339	Ensystex
1	39	e8e18f83e663410eaabf9e4d	KhĂłi diáťt cĂ´n trĂšng
2	39	7df24afe56e5403cb2e8d0b3	Deltamethrin
3	39	218ff3053c9f4c059f4177f2	Khe háť
4	39	a939f389039d4d9d9178b571	Khu váťąc khĂł tiáşżp cáş­n
5	39	c78a2c2c32094ca198994c5c	Ensystex
1	45	e699db6535754568854dbb99	Muáťi
2	45	66354222c373430c93a9b913	Ruáťi
3	45	66b1fc0e35b246c3a572779c	GiĂĄn
4	45	09705e8c2cf044fbbedb5902	Kiáşżn
5	45	474a50f7b115413684701255	Cypermethrin
6	45	21a693c714264d799e8f6050	25EC
7	45	65fa961dc144416aa5de915f	Viáťt Nam
1	37	3dff867f5ffc454dac3cb246	Xua ráşŻn
2	37	8786fe4331874958992bb9ed	Xua tháşąn láşąn
3	37	fa5dd419433048e48aff1050	Tinh dáş§u tháťąc váş­t
4	37	606e4d5074d64339b567d4e5	Ensystex
5	37	8703801d62da45d991a25367	SĂ˘n vĆ°áťn
1	8	7f282bc6153d44ebb0bc90a8	Muáťi
2	8	f878453f83a34ae0bb30384e	Ruáťi
3	8	8d774c87dabe49a399cb9772	GiĂĄn
4	8	940f36567ec44f70a3f797ef	Kiáşżn
5	8	ff006777b7354a159d93dbcf	Phun khĂ´ng gian
6	8	b55490cd9fd0459791665c5b	Táťn lĆ°u
7	8	c05c83e2a2e94de1b33e8bea	Envu
1	29	315b957afd24470c8bb14554	GiĂĄn Máťš
2	29	6ead47d108844edbb5e2b507	GiĂĄn ÄáťŠc
3	29	268715d320ae486aae147e6e	GiĂĄn PhĆ°ĆĄng ÄĂ´ng
4	29	13071d17a07945ef884ae0e7	BáşŁ gel
5	29	15c0945acea1477d81160e34	Emamectin benzoate
6	29	03faabd4c2b348658f208073	Syngenta
\.


--
-- Data for Name: services; Type: TABLE DATA; Schema: public; Owner: neondb_owner
--

COPY public.services (id, slug, name, tagline, description, icon_key, image_id, updated_at, created_at) FROM stdin;
1	diet-moi-tan-goc	Diáťt Máťi Táş­n Gáťc	BáşŁo váť cĂ´ng trĂŹnh báťn váťŻng	Háť tháťng báşŁ máťi Xterm vĂ  phun phĂ˛ng cháťng máťi cho cĂ´ng trĂŹnh máťi, cĂ´ng trĂŹnh hiáťn háťŻu, kho hĂ ng vĂ  Äáť gáť náťi tháşĽt.	Hammer	42	2026-07-03 09:04:09.711+00	2026-07-03 09:04:09.71+00
2	diet-chuot	Diáťt Chuáťt	Kiáťm soĂĄt loĂ i gáşˇm nháşĽm	GiáşŁi phĂĄp Äáşˇt báşŁ, Äáşˇt báşŤy vĂ  niĂŞm phong Äiáťm xĂ˘m nháş­p theo chuáşŠn IPM, an toĂ n cho ngĆ°áťi vĂ  thĂş nuĂ´i.	Mouse	43	2026-07-03 09:04:11.939+00	2026-07-03 09:04:11.939+00
3	diet-muoi	Diáťt Muáťi	Phun ULV â táťn lĆ°u chuyĂŞn nghiáťp	Phun khĂ´ng gian, phun táťn lĆ°u vĂ  xáť­ lĂ˝ nguáťn nĆ°áťc tĂš Äáťng, ĂĄp dáťĽng cho khu dĂ˘n cĆ°, trĆ°áťng háťc, báťnh viáťn vĂ  resort.	Sparkles	44	2026-07-03 09:04:13.89+00	2026-07-03 09:04:13.89+00
5	diet-gian-con-trung	Diáťt GiĂĄn & CĂ´n TrĂšng	Kiáťm soĂĄt cĂ´n trĂšng táťng tháť	Äáşˇt gel, phun táťn lĆ°u vĂ  xáť­ lĂ˝ áť cho giĂĄn, kiáşżn, ruáťi, báť chĂŠt trong nhĂ  hĂ ng, khĂĄch sáşĄn vĂ  háť gia ÄĂŹnh.	Bug	155	2026-07-06 07:37:54.534+00	2026-07-03 09:04:17.933+00
4	ve-sinh-cong-nghiep	Váť Sinh CĂ´ng Nghiáťp	SáşĄch sĂ˘u cho nhĂ  mĂĄy & cao áťc	Táťng váť sinh sau xĂ˘y dáťąng, lau kĂ­nh nhĂ  cao táş§ng, giáşˇt gháşż sofa tháşŁm vĂ  báşŁo dĆ°áťĄng Äáťnh káťł tĂ˛a nhĂ .	SprayCan	156	2026-07-06 07:37:59.215+00	2026-07-03 09:04:15.813+00
\.


--
-- Data for Name: users; Type: TABLE DATA; Schema: public; Owner: neondb_owner
--

COPY public.users (id, name, updated_at, created_at, email, reset_password_token, reset_password_expiration, salt, hash, login_attempts, lock_until) FROM stdin;
1	abcd	2026-07-08 13:31:04.266+00	2026-07-03 04:51:20.235+00	admin@greenoli.vn	\N	\N	d2aca8daa9046f822293c9fedb0e167d2ca048252c9b061d1d7b0063c738956f	8b06e5b69f44cfc10ffc879f4da40a2ea35f9da3cb44285b5e6903c4a36df396a39b54d7374b7d65a9275d58045c0642a04c96c22e211f2d796e9418e77c39d0a550e8ff0303008cabd3ebe0839e608c16b7bb0876cc0a2644f8be443c3a191e55087b7de27d4beb5171c8bb2e69ff7d73434ed349f96717457b5404c902ef02ddd95a5d3ba1fa66dd67000c2dea2133c79ddabaceec4a8d30a7d713af54765c224a43081ca89a5744a51048456bd8cf96c71135bcf0a2ee8e45c05ffab7b2cd0bca24c59feee4650f055aabbf0f80e91e01ed2559e539ee00bff2dad263619e8258042a039b2c5384e8cc64a88841b6e7609ad977d33575490e47cbf92864ecbdc6a3cf6e2a5e21e7d20b1520dbf1e2c9dba3ed37f9a43d3194718773445846dfb266b65b444c5a331ec3e53d4f1aaff1095b3e953e97994f2bba0a4a3fa34059cf508c840fc7bd3ce0dafbea5557dc79b04242f09e20d5baf029631cb1f0ff3c92325a80c7cac71bf78ea3ffb09b068f15526f9bb21f200ee3288fb8a2c0ef04718874346216c3bc4c7884c3edc433da9c47be612a3abcaa021b00db08730ddd195e183e64970e9f00ee4a1ea2df086e88a34f40d2de975761928c1e6679cc7bf40a217913e04e0c2e6a6fb65029db6d41b31cdb866235c76062433bd97b9f2ec439430e3a012c9d2f734ebd0caa4796f7c767312196efb0302274f2ae91c0	0	\N
\.


--
-- Data for Name: users_sessions; Type: TABLE DATA; Schema: public; Owner: neondb_owner
--

COPY public.users_sessions (_order, _parent_id, id, created_at, expires_at) FROM stdin;
1	1	a7ac329a-df48-487a-b989-3d488eae74b3	2026-07-10 05:32:11.877+00	2026-07-10 07:32:11.877+00
2	1	dbbda71a-5ee2-4929-9fba-f3f750ddb219	2026-07-10 07:18:34.295+00	2026-07-10 09:18:34.295+00
\.


--
-- Name: articles_id_seq; Type: SEQUENCE SET; Schema: public; Owner: neondb_owner
--

SELECT pg_catalog.setval('public.articles_id_seq', 7, true);


--
-- Name: brands_id_seq; Type: SEQUENCE SET; Schema: public; Owner: neondb_owner
--

SELECT pg_catalog.setval('public.brands_id_seq', 8, true);


--
-- Name: categories_id_seq; Type: SEQUENCE SET; Schema: public; Owner: neondb_owner
--

SELECT pg_catalog.setval('public.categories_id_seq', 8, true);


--
-- Name: gallery_id_seq; Type: SEQUENCE SET; Schema: public; Owner: neondb_owner
--

SELECT pg_catalog.setval('public.gallery_id_seq', 6, true);


--
-- Name: leads_id_seq; Type: SEQUENCE SET; Schema: public; Owner: neondb_owner
--

SELECT pg_catalog.setval('public.leads_id_seq', 2, true);


--
-- Name: media_id_seq; Type: SEQUENCE SET; Schema: public; Owner: neondb_owner
--

SELECT pg_catalog.setval('public.media_id_seq', 167, true);


--
-- Name: partners_id_seq; Type: SEQUENCE SET; Schema: public; Owner: neondb_owner
--

SELECT pg_catalog.setval('public.partners_id_seq', 8, true);


--
-- Name: payload_kv_id_seq; Type: SEQUENCE SET; Schema: public; Owner: neondb_owner
--

SELECT pg_catalog.setval('public.payload_kv_id_seq', 1, false);


--
-- Name: payload_locked_documents_id_seq; Type: SEQUENCE SET; Schema: public; Owner: neondb_owner
--

SELECT pg_catalog.setval('public.payload_locked_documents_id_seq', 74, true);


--
-- Name: payload_locked_documents_rels_id_seq; Type: SEQUENCE SET; Schema: public; Owner: neondb_owner
--

SELECT pg_catalog.setval('public.payload_locked_documents_rels_id_seq', 148, true);


--
-- Name: payload_migrations_id_seq; Type: SEQUENCE SET; Schema: public; Owner: neondb_owner
--

SELECT pg_catalog.setval('public.payload_migrations_id_seq', 3, true);


--
-- Name: payload_preferences_id_seq; Type: SEQUENCE SET; Schema: public; Owner: neondb_owner
--

SELECT pg_catalog.setval('public.payload_preferences_id_seq', 12, true);


--
-- Name: payload_preferences_rels_id_seq; Type: SEQUENCE SET; Schema: public; Owner: neondb_owner
--

SELECT pg_catalog.setval('public.payload_preferences_rels_id_seq', 34, true);


--
-- Name: products_id_seq; Type: SEQUENCE SET; Schema: public; Owner: neondb_owner
--

SELECT pg_catalog.setval('public.products_id_seq', 48, true);


--
-- Name: products_rels_id_seq; Type: SEQUENCE SET; Schema: public; Owner: neondb_owner
--

SELECT pg_catalog.setval('public.products_rels_id_seq', 173, true);


--
-- Name: services_id_seq; Type: SEQUENCE SET; Schema: public; Owner: neondb_owner
--

SELECT pg_catalog.setval('public.services_id_seq', 5, true);


--
-- Name: users_id_seq; Type: SEQUENCE SET; Schema: public; Owner: neondb_owner
--

SELECT pg_catalog.setval('public.users_id_seq', 1, true);


--
-- Name: articles articles_pkey; Type: CONSTRAINT; Schema: public; Owner: neondb_owner
--

ALTER TABLE ONLY public.articles
    ADD CONSTRAINT articles_pkey PRIMARY KEY (id);


--
-- Name: articles_tags articles_tags_pkey; Type: CONSTRAINT; Schema: public; Owner: neondb_owner
--

ALTER TABLE ONLY public.articles_tags
    ADD CONSTRAINT articles_tags_pkey PRIMARY KEY (id);


--
-- Name: brands brands_pkey; Type: CONSTRAINT; Schema: public; Owner: neondb_owner
--

ALTER TABLE ONLY public.brands
    ADD CONSTRAINT brands_pkey PRIMARY KEY (id);


--
-- Name: categories categories_pkey; Type: CONSTRAINT; Schema: public; Owner: neondb_owner
--

ALTER TABLE ONLY public.categories
    ADD CONSTRAINT categories_pkey PRIMARY KEY (id);


--
-- Name: gallery gallery_pkey; Type: CONSTRAINT; Schema: public; Owner: neondb_owner
--

ALTER TABLE ONLY public.gallery
    ADD CONSTRAINT gallery_pkey PRIMARY KEY (id);


--
-- Name: leads leads_pkey; Type: CONSTRAINT; Schema: public; Owner: neondb_owner
--

ALTER TABLE ONLY public.leads
    ADD CONSTRAINT leads_pkey PRIMARY KEY (id);


--
-- Name: media media_pkey; Type: CONSTRAINT; Schema: public; Owner: neondb_owner
--

ALTER TABLE ONLY public.media
    ADD CONSTRAINT media_pkey PRIMARY KEY (id);


--
-- Name: partners partners_pkey; Type: CONSTRAINT; Schema: public; Owner: neondb_owner
--

ALTER TABLE ONLY public.partners
    ADD CONSTRAINT partners_pkey PRIMARY KEY (id);


--
-- Name: payload_kv payload_kv_pkey; Type: CONSTRAINT; Schema: public; Owner: neondb_owner
--

ALTER TABLE ONLY public.payload_kv
    ADD CONSTRAINT payload_kv_pkey PRIMARY KEY (id);


--
-- Name: payload_locked_documents payload_locked_documents_pkey; Type: CONSTRAINT; Schema: public; Owner: neondb_owner
--

ALTER TABLE ONLY public.payload_locked_documents
    ADD CONSTRAINT payload_locked_documents_pkey PRIMARY KEY (id);


--
-- Name: payload_locked_documents_rels payload_locked_documents_rels_pkey; Type: CONSTRAINT; Schema: public; Owner: neondb_owner
--

ALTER TABLE ONLY public.payload_locked_documents_rels
    ADD CONSTRAINT payload_locked_documents_rels_pkey PRIMARY KEY (id);


--
-- Name: payload_migrations payload_migrations_pkey; Type: CONSTRAINT; Schema: public; Owner: neondb_owner
--

ALTER TABLE ONLY public.payload_migrations
    ADD CONSTRAINT payload_migrations_pkey PRIMARY KEY (id);


--
-- Name: payload_preferences payload_preferences_pkey; Type: CONSTRAINT; Schema: public; Owner: neondb_owner
--

ALTER TABLE ONLY public.payload_preferences
    ADD CONSTRAINT payload_preferences_pkey PRIMARY KEY (id);


--
-- Name: payload_preferences_rels payload_preferences_rels_pkey; Type: CONSTRAINT; Schema: public; Owner: neondb_owner
--

ALTER TABLE ONLY public.payload_preferences_rels
    ADD CONSTRAINT payload_preferences_rels_pkey PRIMARY KEY (id);


--
-- Name: products_certifications products_certifications_pkey; Type: CONSTRAINT; Schema: public; Owner: neondb_owner
--

ALTER TABLE ONLY public.products_certifications
    ADD CONSTRAINT products_certifications_pkey PRIMARY KEY (id);


--
-- Name: products products_pkey; Type: CONSTRAINT; Schema: public; Owner: neondb_owner
--

ALTER TABLE ONLY public.products
    ADD CONSTRAINT products_pkey PRIMARY KEY (id);


--
-- Name: products_rels products_rels_pkey; Type: CONSTRAINT; Schema: public; Owner: neondb_owner
--

ALTER TABLE ONLY public.products_rels
    ADD CONSTRAINT products_rels_pkey PRIMARY KEY (id);


--
-- Name: products_specs products_specs_pkey; Type: CONSTRAINT; Schema: public; Owner: neondb_owner
--

ALTER TABLE ONLY public.products_specs
    ADD CONSTRAINT products_specs_pkey PRIMARY KEY (id);


--
-- Name: products_tags products_tags_pkey; Type: CONSTRAINT; Schema: public; Owner: neondb_owner
--

ALTER TABLE ONLY public.products_tags
    ADD CONSTRAINT products_tags_pkey PRIMARY KEY (id);


--
-- Name: services services_pkey; Type: CONSTRAINT; Schema: public; Owner: neondb_owner
--

ALTER TABLE ONLY public.services
    ADD CONSTRAINT services_pkey PRIMARY KEY (id);


--
-- Name: users users_pkey; Type: CONSTRAINT; Schema: public; Owner: neondb_owner
--

ALTER TABLE ONLY public.users
    ADD CONSTRAINT users_pkey PRIMARY KEY (id);


--
-- Name: users_sessions users_sessions_pkey; Type: CONSTRAINT; Schema: public; Owner: neondb_owner
--

ALTER TABLE ONLY public.users_sessions
    ADD CONSTRAINT users_sessions_pkey PRIMARY KEY (id);


--
-- Name: articles_cover_image_idx; Type: INDEX; Schema: public; Owner: neondb_owner
--

CREATE INDEX articles_cover_image_idx ON public.articles USING btree (cover_image_id);


--
-- Name: articles_created_at_idx; Type: INDEX; Schema: public; Owner: neondb_owner
--

CREATE INDEX articles_created_at_idx ON public.articles USING btree (created_at);


--
-- Name: articles_slug_idx; Type: INDEX; Schema: public; Owner: neondb_owner
--

CREATE UNIQUE INDEX articles_slug_idx ON public.articles USING btree (slug);


--
-- Name: articles_tags_order_idx; Type: INDEX; Schema: public; Owner: neondb_owner
--

CREATE INDEX articles_tags_order_idx ON public.articles_tags USING btree (_order);


--
-- Name: articles_tags_parent_id_idx; Type: INDEX; Schema: public; Owner: neondb_owner
--

CREATE INDEX articles_tags_parent_id_idx ON public.articles_tags USING btree (_parent_id);


--
-- Name: articles_updated_at_idx; Type: INDEX; Schema: public; Owner: neondb_owner
--

CREATE INDEX articles_updated_at_idx ON public.articles USING btree (updated_at);


--
-- Name: brands_created_at_idx; Type: INDEX; Schema: public; Owner: neondb_owner
--

CREATE INDEX brands_created_at_idx ON public.brands USING btree (created_at);


--
-- Name: brands_logo_idx; Type: INDEX; Schema: public; Owner: neondb_owner
--

CREATE INDEX brands_logo_idx ON public.brands USING btree (logo_id);


--
-- Name: brands_slug_idx; Type: INDEX; Schema: public; Owner: neondb_owner
--

CREATE UNIQUE INDEX brands_slug_idx ON public.brands USING btree (slug);


--
-- Name: brands_updated_at_idx; Type: INDEX; Schema: public; Owner: neondb_owner
--

CREATE INDEX brands_updated_at_idx ON public.brands USING btree (updated_at);


--
-- Name: categories_created_at_idx; Type: INDEX; Schema: public; Owner: neondb_owner
--

CREATE INDEX categories_created_at_idx ON public.categories USING btree (created_at);


--
-- Name: categories_hero_image_idx; Type: INDEX; Schema: public; Owner: neondb_owner
--

CREATE INDEX categories_hero_image_idx ON public.categories USING btree (hero_image_id);


--
-- Name: categories_slug_idx; Type: INDEX; Schema: public; Owner: neondb_owner
--

CREATE UNIQUE INDEX categories_slug_idx ON public.categories USING btree (slug);


--
-- Name: categories_updated_at_idx; Type: INDEX; Schema: public; Owner: neondb_owner
--

CREATE INDEX categories_updated_at_idx ON public.categories USING btree (updated_at);


--
-- Name: gallery_created_at_idx; Type: INDEX; Schema: public; Owner: neondb_owner
--

CREATE INDEX gallery_created_at_idx ON public.gallery USING btree (created_at);


--
-- Name: gallery_image_idx; Type: INDEX; Schema: public; Owner: neondb_owner
--

CREATE INDEX gallery_image_idx ON public.gallery USING btree (image_id);


--
-- Name: gallery_updated_at_idx; Type: INDEX; Schema: public; Owner: neondb_owner
--

CREATE INDEX gallery_updated_at_idx ON public.gallery USING btree (updated_at);


--
-- Name: leads_created_at_idx; Type: INDEX; Schema: public; Owner: neondb_owner
--

CREATE INDEX leads_created_at_idx ON public.leads USING btree (created_at);


--
-- Name: leads_updated_at_idx; Type: INDEX; Schema: public; Owner: neondb_owner
--

CREATE INDEX leads_updated_at_idx ON public.leads USING btree (updated_at);


--
-- Name: media_created_at_idx; Type: INDEX; Schema: public; Owner: neondb_owner
--

CREATE INDEX media_created_at_idx ON public.media USING btree (created_at);


--
-- Name: media_filename_idx; Type: INDEX; Schema: public; Owner: neondb_owner
--

CREATE UNIQUE INDEX media_filename_idx ON public.media USING btree (filename);


--
-- Name: media_updated_at_idx; Type: INDEX; Schema: public; Owner: neondb_owner
--

CREATE INDEX media_updated_at_idx ON public.media USING btree (updated_at);


--
-- Name: partners_created_at_idx; Type: INDEX; Schema: public; Owner: neondb_owner
--

CREATE INDEX partners_created_at_idx ON public.partners USING btree (created_at);


--
-- Name: partners_logo_idx; Type: INDEX; Schema: public; Owner: neondb_owner
--

CREATE INDEX partners_logo_idx ON public.partners USING btree (logo_id);


--
-- Name: partners_updated_at_idx; Type: INDEX; Schema: public; Owner: neondb_owner
--

CREATE INDEX partners_updated_at_idx ON public.partners USING btree (updated_at);


--
-- Name: payload_kv_key_idx; Type: INDEX; Schema: public; Owner: neondb_owner
--

CREATE UNIQUE INDEX payload_kv_key_idx ON public.payload_kv USING btree (key);


--
-- Name: payload_locked_documents_created_at_idx; Type: INDEX; Schema: public; Owner: neondb_owner
--

CREATE INDEX payload_locked_documents_created_at_idx ON public.payload_locked_documents USING btree (created_at);


--
-- Name: payload_locked_documents_global_slug_idx; Type: INDEX; Schema: public; Owner: neondb_owner
--

CREATE INDEX payload_locked_documents_global_slug_idx ON public.payload_locked_documents USING btree (global_slug);


--
-- Name: payload_locked_documents_rels_articles_id_idx; Type: INDEX; Schema: public; Owner: neondb_owner
--

CREATE INDEX payload_locked_documents_rels_articles_id_idx ON public.payload_locked_documents_rels USING btree (articles_id);


--
-- Name: payload_locked_documents_rels_brands_id_idx; Type: INDEX; Schema: public; Owner: neondb_owner
--

CREATE INDEX payload_locked_documents_rels_brands_id_idx ON public.payload_locked_documents_rels USING btree (brands_id);


--
-- Name: payload_locked_documents_rels_categories_id_idx; Type: INDEX; Schema: public; Owner: neondb_owner
--

CREATE INDEX payload_locked_documents_rels_categories_id_idx ON public.payload_locked_documents_rels USING btree (categories_id);


--
-- Name: payload_locked_documents_rels_gallery_id_idx; Type: INDEX; Schema: public; Owner: neondb_owner
--

CREATE INDEX payload_locked_documents_rels_gallery_id_idx ON public.payload_locked_documents_rels USING btree (gallery_id);


--
-- Name: payload_locked_documents_rels_leads_id_idx; Type: INDEX; Schema: public; Owner: neondb_owner
--

CREATE INDEX payload_locked_documents_rels_leads_id_idx ON public.payload_locked_documents_rels USING btree (leads_id);


--
-- Name: payload_locked_documents_rels_media_id_idx; Type: INDEX; Schema: public; Owner: neondb_owner
--

CREATE INDEX payload_locked_documents_rels_media_id_idx ON public.payload_locked_documents_rels USING btree (media_id);


--
-- Name: payload_locked_documents_rels_order_idx; Type: INDEX; Schema: public; Owner: neondb_owner
--

CREATE INDEX payload_locked_documents_rels_order_idx ON public.payload_locked_documents_rels USING btree ("order");


--
-- Name: payload_locked_documents_rels_parent_idx; Type: INDEX; Schema: public; Owner: neondb_owner
--

CREATE INDEX payload_locked_documents_rels_parent_idx ON public.payload_locked_documents_rels USING btree (parent_id);


--
-- Name: payload_locked_documents_rels_partners_id_idx; Type: INDEX; Schema: public; Owner: neondb_owner
--

CREATE INDEX payload_locked_documents_rels_partners_id_idx ON public.payload_locked_documents_rels USING btree (partners_id);


--
-- Name: payload_locked_documents_rels_path_idx; Type: INDEX; Schema: public; Owner: neondb_owner
--

CREATE INDEX payload_locked_documents_rels_path_idx ON public.payload_locked_documents_rels USING btree (path);


--
-- Name: payload_locked_documents_rels_products_id_idx; Type: INDEX; Schema: public; Owner: neondb_owner
--

CREATE INDEX payload_locked_documents_rels_products_id_idx ON public.payload_locked_documents_rels USING btree (products_id);


--
-- Name: payload_locked_documents_rels_services_id_idx; Type: INDEX; Schema: public; Owner: neondb_owner
--

CREATE INDEX payload_locked_documents_rels_services_id_idx ON public.payload_locked_documents_rels USING btree (services_id);


--
-- Name: payload_locked_documents_rels_users_id_idx; Type: INDEX; Schema: public; Owner: neondb_owner
--

CREATE INDEX payload_locked_documents_rels_users_id_idx ON public.payload_locked_documents_rels USING btree (users_id);


--
-- Name: payload_locked_documents_updated_at_idx; Type: INDEX; Schema: public; Owner: neondb_owner
--

CREATE INDEX payload_locked_documents_updated_at_idx ON public.payload_locked_documents USING btree (updated_at);


--
-- Name: payload_migrations_created_at_idx; Type: INDEX; Schema: public; Owner: neondb_owner
--

CREATE INDEX payload_migrations_created_at_idx ON public.payload_migrations USING btree (created_at);


--
-- Name: payload_migrations_updated_at_idx; Type: INDEX; Schema: public; Owner: neondb_owner
--

CREATE INDEX payload_migrations_updated_at_idx ON public.payload_migrations USING btree (updated_at);


--
-- Name: payload_preferences_created_at_idx; Type: INDEX; Schema: public; Owner: neondb_owner
--

CREATE INDEX payload_preferences_created_at_idx ON public.payload_preferences USING btree (created_at);


--
-- Name: payload_preferences_key_idx; Type: INDEX; Schema: public; Owner: neondb_owner
--

CREATE INDEX payload_preferences_key_idx ON public.payload_preferences USING btree (key);


--
-- Name: payload_preferences_rels_order_idx; Type: INDEX; Schema: public; Owner: neondb_owner
--

CREATE INDEX payload_preferences_rels_order_idx ON public.payload_preferences_rels USING btree ("order");


--
-- Name: payload_preferences_rels_parent_idx; Type: INDEX; Schema: public; Owner: neondb_owner
--

CREATE INDEX payload_preferences_rels_parent_idx ON public.payload_preferences_rels USING btree (parent_id);


--
-- Name: payload_preferences_rels_path_idx; Type: INDEX; Schema: public; Owner: neondb_owner
--

CREATE INDEX payload_preferences_rels_path_idx ON public.payload_preferences_rels USING btree (path);


--
-- Name: payload_preferences_rels_users_id_idx; Type: INDEX; Schema: public; Owner: neondb_owner
--

CREATE INDEX payload_preferences_rels_users_id_idx ON public.payload_preferences_rels USING btree (users_id);


--
-- Name: payload_preferences_updated_at_idx; Type: INDEX; Schema: public; Owner: neondb_owner
--

CREATE INDEX payload_preferences_updated_at_idx ON public.payload_preferences USING btree (updated_at);


--
-- Name: products_brand_idx; Type: INDEX; Schema: public; Owner: neondb_owner
--

CREATE INDEX products_brand_idx ON public.products USING btree (brand_id);


--
-- Name: products_category_idx; Type: INDEX; Schema: public; Owner: neondb_owner
--

CREATE INDEX products_category_idx ON public.products USING btree (category_id);


--
-- Name: products_certifications_order_idx; Type: INDEX; Schema: public; Owner: neondb_owner
--

CREATE INDEX products_certifications_order_idx ON public.products_certifications USING btree (_order);


--
-- Name: products_certifications_parent_id_idx; Type: INDEX; Schema: public; Owner: neondb_owner
--

CREATE INDEX products_certifications_parent_id_idx ON public.products_certifications USING btree (_parent_id);


--
-- Name: products_created_at_idx; Type: INDEX; Schema: public; Owner: neondb_owner
--

CREATE INDEX products_created_at_idx ON public.products USING btree (created_at);


--
-- Name: products_hero_image_idx; Type: INDEX; Schema: public; Owner: neondb_owner
--

CREATE INDEX products_hero_image_idx ON public.products USING btree (hero_image_id);


--
-- Name: products_rels_media_id_idx; Type: INDEX; Schema: public; Owner: neondb_owner
--

CREATE INDEX products_rels_media_id_idx ON public.products_rels USING btree (media_id);


--
-- Name: products_rels_order_idx; Type: INDEX; Schema: public; Owner: neondb_owner
--

CREATE INDEX products_rels_order_idx ON public.products_rels USING btree ("order");


--
-- Name: products_rels_parent_idx; Type: INDEX; Schema: public; Owner: neondb_owner
--

CREATE INDEX products_rels_parent_idx ON public.products_rels USING btree (parent_id);


--
-- Name: products_rels_path_idx; Type: INDEX; Schema: public; Owner: neondb_owner
--

CREATE INDEX products_rels_path_idx ON public.products_rels USING btree (path);


--
-- Name: products_slug_idx; Type: INDEX; Schema: public; Owner: neondb_owner
--

CREATE UNIQUE INDEX products_slug_idx ON public.products USING btree (slug);


--
-- Name: products_specs_order_idx; Type: INDEX; Schema: public; Owner: neondb_owner
--

CREATE INDEX products_specs_order_idx ON public.products_specs USING btree (_order);


--
-- Name: products_specs_parent_id_idx; Type: INDEX; Schema: public; Owner: neondb_owner
--

CREATE INDEX products_specs_parent_id_idx ON public.products_specs USING btree (_parent_id);


--
-- Name: products_tags_order_idx; Type: INDEX; Schema: public; Owner: neondb_owner
--

CREATE INDEX products_tags_order_idx ON public.products_tags USING btree (_order);


--
-- Name: products_tags_parent_id_idx; Type: INDEX; Schema: public; Owner: neondb_owner
--

CREATE INDEX products_tags_parent_id_idx ON public.products_tags USING btree (_parent_id);


--
-- Name: products_updated_at_idx; Type: INDEX; Schema: public; Owner: neondb_owner
--

CREATE INDEX products_updated_at_idx ON public.products USING btree (updated_at);


--
-- Name: services_created_at_idx; Type: INDEX; Schema: public; Owner: neondb_owner
--

CREATE INDEX services_created_at_idx ON public.services USING btree (created_at);


--
-- Name: services_image_idx; Type: INDEX; Schema: public; Owner: neondb_owner
--

CREATE INDEX services_image_idx ON public.services USING btree (image_id);


--
-- Name: services_slug_idx; Type: INDEX; Schema: public; Owner: neondb_owner
--

CREATE UNIQUE INDEX services_slug_idx ON public.services USING btree (slug);


--
-- Name: services_updated_at_idx; Type: INDEX; Schema: public; Owner: neondb_owner
--

CREATE INDEX services_updated_at_idx ON public.services USING btree (updated_at);


--
-- Name: users_created_at_idx; Type: INDEX; Schema: public; Owner: neondb_owner
--

CREATE INDEX users_created_at_idx ON public.users USING btree (created_at);


--
-- Name: users_email_idx; Type: INDEX; Schema: public; Owner: neondb_owner
--

CREATE UNIQUE INDEX users_email_idx ON public.users USING btree (email);


--
-- Name: users_sessions_order_idx; Type: INDEX; Schema: public; Owner: neondb_owner
--

CREATE INDEX users_sessions_order_idx ON public.users_sessions USING btree (_order);


--
-- Name: users_sessions_parent_id_idx; Type: INDEX; Schema: public; Owner: neondb_owner
--

CREATE INDEX users_sessions_parent_id_idx ON public.users_sessions USING btree (_parent_id);


--
-- Name: users_updated_at_idx; Type: INDEX; Schema: public; Owner: neondb_owner
--

CREATE INDEX users_updated_at_idx ON public.users USING btree (updated_at);


--
-- Name: articles articles_cover_image_id_media_id_fk; Type: FK CONSTRAINT; Schema: public; Owner: neondb_owner
--

ALTER TABLE ONLY public.articles
    ADD CONSTRAINT articles_cover_image_id_media_id_fk FOREIGN KEY (cover_image_id) REFERENCES public.media(id) ON DELETE SET NULL;


--
-- Name: articles_tags articles_tags_parent_id_fk; Type: FK CONSTRAINT; Schema: public; Owner: neondb_owner
--

ALTER TABLE ONLY public.articles_tags
    ADD CONSTRAINT articles_tags_parent_id_fk FOREIGN KEY (_parent_id) REFERENCES public.articles(id) ON DELETE CASCADE;


--
-- Name: brands brands_logo_id_media_id_fk; Type: FK CONSTRAINT; Schema: public; Owner: neondb_owner
--

ALTER TABLE ONLY public.brands
    ADD CONSTRAINT brands_logo_id_media_id_fk FOREIGN KEY (logo_id) REFERENCES public.media(id) ON DELETE SET NULL;


--
-- Name: categories categories_hero_image_id_media_id_fk; Type: FK CONSTRAINT; Schema: public; Owner: neondb_owner
--

ALTER TABLE ONLY public.categories
    ADD CONSTRAINT categories_hero_image_id_media_id_fk FOREIGN KEY (hero_image_id) REFERENCES public.media(id) ON DELETE SET NULL;


--
-- Name: gallery gallery_image_id_media_id_fk; Type: FK CONSTRAINT; Schema: public; Owner: neondb_owner
--

ALTER TABLE ONLY public.gallery
    ADD CONSTRAINT gallery_image_id_media_id_fk FOREIGN KEY (image_id) REFERENCES public.media(id) ON DELETE SET NULL;


--
-- Name: partners partners_logo_id_media_id_fk; Type: FK CONSTRAINT; Schema: public; Owner: neondb_owner
--

ALTER TABLE ONLY public.partners
    ADD CONSTRAINT partners_logo_id_media_id_fk FOREIGN KEY (logo_id) REFERENCES public.media(id) ON DELETE SET NULL;


--
-- Name: payload_locked_documents_rels payload_locked_documents_rels_articles_fk; Type: FK CONSTRAINT; Schema: public; Owner: neondb_owner
--

ALTER TABLE ONLY public.payload_locked_documents_rels
    ADD CONSTRAINT payload_locked_documents_rels_articles_fk FOREIGN KEY (articles_id) REFERENCES public.articles(id) ON DELETE CASCADE;


--
-- Name: payload_locked_documents_rels payload_locked_documents_rels_brands_fk; Type: FK CONSTRAINT; Schema: public; Owner: neondb_owner
--

ALTER TABLE ONLY public.payload_locked_documents_rels
    ADD CONSTRAINT payload_locked_documents_rels_brands_fk FOREIGN KEY (brands_id) REFERENCES public.brands(id) ON DELETE CASCADE;


--
-- Name: payload_locked_documents_rels payload_locked_documents_rels_categories_fk; Type: FK CONSTRAINT; Schema: public; Owner: neondb_owner
--

ALTER TABLE ONLY public.payload_locked_documents_rels
    ADD CONSTRAINT payload_locked_documents_rels_categories_fk FOREIGN KEY (categories_id) REFERENCES public.categories(id) ON DELETE CASCADE;


--
-- Name: payload_locked_documents_rels payload_locked_documents_rels_gallery_fk; Type: FK CONSTRAINT; Schema: public; Owner: neondb_owner
--

ALTER TABLE ONLY public.payload_locked_documents_rels
    ADD CONSTRAINT payload_locked_documents_rels_gallery_fk FOREIGN KEY (gallery_id) REFERENCES public.gallery(id) ON DELETE CASCADE;


--
-- Name: payload_locked_documents_rels payload_locked_documents_rels_leads_fk; Type: FK CONSTRAINT; Schema: public; Owner: neondb_owner
--

ALTER TABLE ONLY public.payload_locked_documents_rels
    ADD CONSTRAINT payload_locked_documents_rels_leads_fk FOREIGN KEY (leads_id) REFERENCES public.leads(id) ON DELETE CASCADE;


--
-- Name: payload_locked_documents_rels payload_locked_documents_rels_media_fk; Type: FK CONSTRAINT; Schema: public; Owner: neondb_owner
--

ALTER TABLE ONLY public.payload_locked_documents_rels
    ADD CONSTRAINT payload_locked_documents_rels_media_fk FOREIGN KEY (media_id) REFERENCES public.media(id) ON DELETE CASCADE;


--
-- Name: payload_locked_documents_rels payload_locked_documents_rels_parent_fk; Type: FK CONSTRAINT; Schema: public; Owner: neondb_owner
--

ALTER TABLE ONLY public.payload_locked_documents_rels
    ADD CONSTRAINT payload_locked_documents_rels_parent_fk FOREIGN KEY (parent_id) REFERENCES public.payload_locked_documents(id) ON DELETE CASCADE;


--
-- Name: payload_locked_documents_rels payload_locked_documents_rels_partners_fk; Type: FK CONSTRAINT; Schema: public; Owner: neondb_owner
--

ALTER TABLE ONLY public.payload_locked_documents_rels
    ADD CONSTRAINT payload_locked_documents_rels_partners_fk FOREIGN KEY (partners_id) REFERENCES public.partners(id) ON DELETE CASCADE;


--
-- Name: payload_locked_documents_rels payload_locked_documents_rels_products_fk; Type: FK CONSTRAINT; Schema: public; Owner: neondb_owner
--

ALTER TABLE ONLY public.payload_locked_documents_rels
    ADD CONSTRAINT payload_locked_documents_rels_products_fk FOREIGN KEY (products_id) REFERENCES public.products(id) ON DELETE CASCADE;


--
-- Name: payload_locked_documents_rels payload_locked_documents_rels_services_fk; Type: FK CONSTRAINT; Schema: public; Owner: neondb_owner
--

ALTER TABLE ONLY public.payload_locked_documents_rels
    ADD CONSTRAINT payload_locked_documents_rels_services_fk FOREIGN KEY (services_id) REFERENCES public.services(id) ON DELETE CASCADE;


--
-- Name: payload_locked_documents_rels payload_locked_documents_rels_users_fk; Type: FK CONSTRAINT; Schema: public; Owner: neondb_owner
--

ALTER TABLE ONLY public.payload_locked_documents_rels
    ADD CONSTRAINT payload_locked_documents_rels_users_fk FOREIGN KEY (users_id) REFERENCES public.users(id) ON DELETE CASCADE;


--
-- Name: payload_preferences_rels payload_preferences_rels_parent_fk; Type: FK CONSTRAINT; Schema: public; Owner: neondb_owner
--

ALTER TABLE ONLY public.payload_preferences_rels
    ADD CONSTRAINT payload_preferences_rels_parent_fk FOREIGN KEY (parent_id) REFERENCES public.payload_preferences(id) ON DELETE CASCADE;


--
-- Name: payload_preferences_rels payload_preferences_rels_users_fk; Type: FK CONSTRAINT; Schema: public; Owner: neondb_owner
--

ALTER TABLE ONLY public.payload_preferences_rels
    ADD CONSTRAINT payload_preferences_rels_users_fk FOREIGN KEY (users_id) REFERENCES public.users(id) ON DELETE CASCADE;


--
-- Name: products products_brand_id_brands_id_fk; Type: FK CONSTRAINT; Schema: public; Owner: neondb_owner
--

ALTER TABLE ONLY public.products
    ADD CONSTRAINT products_brand_id_brands_id_fk FOREIGN KEY (brand_id) REFERENCES public.brands(id) ON DELETE SET NULL;


--
-- Name: products products_category_id_categories_id_fk; Type: FK CONSTRAINT; Schema: public; Owner: neondb_owner
--

ALTER TABLE ONLY public.products
    ADD CONSTRAINT products_category_id_categories_id_fk FOREIGN KEY (category_id) REFERENCES public.categories(id) ON DELETE SET NULL;


--
-- Name: products_certifications products_certifications_parent_id_fk; Type: FK CONSTRAINT; Schema: public; Owner: neondb_owner
--

ALTER TABLE ONLY public.products_certifications
    ADD CONSTRAINT products_certifications_parent_id_fk FOREIGN KEY (_parent_id) REFERENCES public.products(id) ON DELETE CASCADE;


--
-- Name: products products_hero_image_id_media_id_fk; Type: FK CONSTRAINT; Schema: public; Owner: neondb_owner
--

ALTER TABLE ONLY public.products
    ADD CONSTRAINT products_hero_image_id_media_id_fk FOREIGN KEY (hero_image_id) REFERENCES public.media(id) ON DELETE SET NULL;


--
-- Name: products_rels products_rels_media_fk; Type: FK CONSTRAINT; Schema: public; Owner: neondb_owner
--

ALTER TABLE ONLY public.products_rels
    ADD CONSTRAINT products_rels_media_fk FOREIGN KEY (media_id) REFERENCES public.media(id) ON DELETE CASCADE;


--
-- Name: products_rels products_rels_parent_fk; Type: FK CONSTRAINT; Schema: public; Owner: neondb_owner
--

ALTER TABLE ONLY public.products_rels
    ADD CONSTRAINT products_rels_parent_fk FOREIGN KEY (parent_id) REFERENCES public.products(id) ON DELETE CASCADE;


--
-- Name: products_specs products_specs_parent_id_fk; Type: FK CONSTRAINT; Schema: public; Owner: neondb_owner
--

ALTER TABLE ONLY public.products_specs
    ADD CONSTRAINT products_specs_parent_id_fk FOREIGN KEY (_parent_id) REFERENCES public.products(id) ON DELETE CASCADE;


--
-- Name: products_tags products_tags_parent_id_fk; Type: FK CONSTRAINT; Schema: public; Owner: neondb_owner
--

ALTER TABLE ONLY public.products_tags
    ADD CONSTRAINT products_tags_parent_id_fk FOREIGN KEY (_parent_id) REFERENCES public.products(id) ON DELETE CASCADE;


--
-- Name: services services_image_id_media_id_fk; Type: FK CONSTRAINT; Schema: public; Owner: neondb_owner
--

ALTER TABLE ONLY public.services
    ADD CONSTRAINT services_image_id_media_id_fk FOREIGN KEY (image_id) REFERENCES public.media(id) ON DELETE SET NULL;


--
-- Name: users_sessions users_sessions_parent_id_fk; Type: FK CONSTRAINT; Schema: public; Owner: neondb_owner
--

ALTER TABLE ONLY public.users_sessions
    ADD CONSTRAINT users_sessions_parent_id_fk FOREIGN KEY (_parent_id) REFERENCES public.users(id) ON DELETE CASCADE;


--
-- Name: SCHEMA public; Type: ACL; Schema: -; Owner: neondb_owner
--

REVOKE USAGE ON SCHEMA public FROM PUBLIC;


--
-- Name: DEFAULT PRIVILEGES FOR SEQUENCES; Type: DEFAULT ACL; Schema: public; Owner: cloud_admin
--

ALTER DEFAULT PRIVILEGES FOR ROLE cloud_admin IN SCHEMA public GRANT ALL ON SEQUENCES TO neon_superuser WITH GRANT OPTION;


--
-- Name: DEFAULT PRIVILEGES FOR TABLES; Type: DEFAULT ACL; Schema: public; Owner: cloud_admin
--

ALTER DEFAULT PRIVILEGES FOR ROLE cloud_admin IN SCHEMA public GRANT ALL ON TABLES TO neon_superuser WITH GRANT OPTION;


--
-- PostgreSQL database dump complete
--

\unrestrict 2mkO9HzkKrorhZJo9JU71IoVwr5xy5wIUJAGyt7GCUzrvEdSybtV6HsggaeZDLd

